A,B,C,D,E
0.4373489068524624,0.1449891653648934,0.8411378555249593,1.2572862760794943,-1.4595954717363153
-0.8722791542606196,-0.7566561334281244,0.198511580038204,-0.23162322159140458,0.006992880013358667
2.2925960004657373,-0.6442147519842805,-0.3205715493302004,-1.7469327147730487,0.0863195987053567
-0.2076856385458469,0.2744666723125207,0.3303931194110549,1.6976573054427082,-0.23534294185351984
-0.32548363751557896,-2.0785351739999514,0.8673570855219941,-1.149835532078856,0.11209972350321584
-0.7301382144699683,-2.549635015820363,0.6422658383746235,-1.4828889687725362,0.9798854168168722
-2.1670730224364667,-0.6219496108430462,-0.2644077789035331,0.35759032390505396,1.691914111154547
1.1308313318235277,0.08263019643846756,0.9891644903444962,-1.6809953762192573,2.000087274518262
-0.7346125057356164,0.00931297987411603,-0.7685811273159195,-0.33740825844923955,0.319707273213714
0.2687784579984797,0.1325558806815055,1.3071566534165178,0.12018411878036675,-1.863870114455602
0.9434366926149917,-0.40721579089257554,0.7268207031654083,-1.3134202229128238,1.1869599453659818
0.9411900378670393,-0.3047491769230717,-0.6599908472631514,-0.23560387609298925,-1.5823333811753455
0.8469245011623282,-0.2995905672748852,1.4426914589650128,-0.683865472947889,0.509090101451575
-0.25447047614073476,-0.34383130175399457,0.7320918053873825,-0.3211504911355678,-0.22418206151869835
-1.6406636469274078,-1.0961631916178496,-1.6976255236153677,0.09338275121278408,0.18269391560723594
-0.321473876628189,-2.0067373764660807,-1.1075648377448468,-0.0016510089936910104,-0.47067872977239045
-0.23654755307949965,0.052928981682974746,-1.2092685733637951,-0.965817229266745,1.2988627489707525
0.6483935971382324,-0.34719639066272073,1.462857831271214,0.35372506985502,1.0779821264629688
0.052295436416163694,-0.002476791595589508,0.3758841404432356,-1.6848341041241817,-1.1642394162528582
-0.335815269260413,0.33215594600959214,0.24181903416278247,1.2857591631234724,0.019542901999161595
-0.686930473652919,-0.22164517807916592,1.0482779618754698,-0.6825187952643935,1.575206639124818
1.3765038122055617,2.3118879159472825,-0.5471787755166275,0.1166136456191777,0.2555655556822238
-2.4237303513753963,1.6199371607950062,-1.641771049064389,-0.9065009333305312,-1.9879944336686175
0.09768910647450489,0.22728781115689617,-0.5665055118216921,1.1883787570657207,-2.4592881007112575
-1.218795218986901,0.19644618303348274,-1.316119012407385,-1.6882515183085676,-1.826286506217863
-0.0057578681937241975,-1.2373094704315375,-1.0605963910934522,1.0388325859020682,-0.9372699273080414
0.8562608916042511,-1.2282058603730472,0.9168751002481388,1.4729161028755389,-1.0174479569780073
-0.9053845197162735,0.5870755237550341,-0.33973587176086334,0.1866652025027759,0.07087166409112079
-0.2931846431304497,0.9966666928458454,1.1195681373552289,-0.07293323812734698,-2.142525862910445
-1.0557717521129462,0.6790653179924659,0.6971842592975265,0.13990056579060262,-0.4405317476416178
0.2012183572485589,-0.6745792329947903,1.1160523052597953,0.27770737475813495,0.21534921342812002
-0.2813722676384076,-0.8082039181089835,2.2502563834541336,0.3994116063062538,-0.03571187432127992
0.2630870081169377,-1.4594548710667627,0.7890669777914926,-0.43387338873052933,-0.1161209857079823
0.887674930736929,-0.6362172916852222,0.677004147349811,0.11552160981512388,1.5970384487224516
0.42563760189061084,0.07232286927935484,1.820866925660946,0.7850158592862508,0.4378016467188327
-0.9888921585333497,-0.32013841690284917,-2.2864141120193304,-0.4549245559792748,-0.3753250879568242
-0.5538418015106512,0.4132722544515979,0.9060149599552596,0.34608846654389513,-0.0942335263897885
-0.9318402364152846,-0.2095100000850483,0.09005990619867635,-0.7071744313670744,0.15842181844184297
0.2667136191251965,-0.3545066230614078,2.004158525018091,-2.0937861924784724,1.0753474754489538
-0.07154907355013915,0.24022212229452022,-1.347681492053605,1.5395542740763732,-0.9137852297054104
0.22347697360689286,1.2507014577516997,0.1664587586664089,1.0304999959376633,2.277836525805392
1.4100125245432005,-0.3995556452822811,1.3355572152893092,-0.00060417507988545,-1.0147383479956975
0.4608617624696013,1.538901726068452,0.9867166640364022,-0.3515523826376322,-0.09314195040494302
1.0780022209914055,-3.9136174083492925,-0.2574224039572495,1.682036284922977,-0.9960594183244313
-0.6082944993388795,0.7088439600505272,0.22428711549024127,0.1749080640400623,-1.160958628173682
0.29727458870602236,0.3004125928968426,-1.0369912663191818,-1.199178261535713,-1.6073186597724742
-1.1577127754964909,0.7405765173598571,-1.2964372675277147,-1.155129582617259,0.42673941544277627
-1.0943068721001672,-1.3467157158257128,0.5517484214204017,0.026235976887250864,-0.01572766609427979
-0.7044397371219037,-0.4530821577052735,-0.03219131997984941,0.18877165048533145,1.9243431893743563
-0.7316497963789775,-0.4850687719560469,0.05174811657698561,-0.45160719480868994,0.368115516131677
0.5604223369369811,1.056981963830766,-0.9499212892521102,1.0783686560753758,0.5630670282933279
-0.9645185104796601,-1.2192622874392887,0.9635679933762598,0.948127965539292,-1.6381956551080976
-0.3218801801679726,-0.9501364974526133,-0.02888580826684352,-3.1802979571269296,0.10174494988090332
1.323819064222111,1.2130806428929832,1.2568851280187379,-1.59899209638407,0.2093557440916557
0.4845003210760591,-0.8684064149732084,-1.9282843471100026,-0.2464577201322023,-0.000981116048537674
-0.32324492409165156,-0.9144488228099854,-0.8095115665033316,-1.6054685447647286,-0.2637280229646136
1.1405750866647535,1.7775860523322267,-0.21588362070959058,0.9028920223269423,-0.014387221898648285
-0.17183218115706547,-0.2782968375650625,-1.2858408313561396,0.7284204374974232,-1.2744496348519008
1.021504241442113,0.4604595811330668,0.6269514951975222,0.06071997877676976,1.595213959623992
-1.7886659048765454,-0.36044259638837345,-0.15534373063008225,1.874599006622404,-0.34475974586974967
0.030161910551982828,2.030001696462764,-0.954839258320189,0.9898442052673574,-0.3353806092196394
1.5212121814688744,-0.06385334901562403,-1.5679034170644697,0.9834053918306129,0.3096288051316674
1.445402007053154,1.4152834827215113,-1.0033279776136086,0.10261471663527633,3.0028452394944156
-3.0403681076435425,0.1477608822877231,0.01094892904798602,-0.3466944383645558,-0.05841293144255694
0.022495015216184393,0.24352182617305265,-2.3627456136458767,-0.13761887402663778,0.6021727449502575
0.42310263254804537,-1.4214626704129083,0.6368810264320874,0.5746845622224336,0.350588420921567
0.03765733755292105,-0.5801345124369173,-0.67252341250385,0.4324931601941562,0.10631050708522093
0.45750470512954405,-0.07048198703734258,1.2930766745512134,0.19180478962775108,-0.5466531041739889
0.05825147419069629,0.3397529958608912,0.26770792277761657,-0.20285335233983326,-0.441105456220632
-0.3280056996790007,0.7280571443992188,-0.27479586646500126,1.3131946655398001,-0.7072252698868622
1.3203240128091285,0.6711108637431856,0.8559012145581419,-1.1195628017267603,-0.5034210226116386
0.8423868539113999,0.11660983400121604,0.8549331723979418,-0.013311193746677372,1.0287918528031184
-0.6124121003387961,0.11720622066387675,1.1674302916590749,0.3394714556721621,1.1165387752799507
-2.0381673387544,-0.07704510944579242,-0.3838658287318188,0.1707408151075322,-1.7433099438149389
0.4154778594386326,0.9921135963432183,1.2396951158365717,-0.4341736180967809,0.4651937061045483
-0.053062236779661,0.7673193025938597,1.3805049304634591,0.5115701328904563,-0.02469534339902095
0.14377330386715584,0.23199731299210555,-0.521238137781399,1.0803867529988016,0.8528152093945873
-1.2420016494723667,-0.8544736060189285,-0.05719988576423859,-2.015605244247892,0.2472483519558832
1.6905450560425277,0.026905745225337768,-0.8866302539656037,1.0864490296189786,-0.10595940117366881
0.46467283149023486,0.9006502142889634,0.4483004467259349,-0.9680454207200925,-0.7393392537267571
-0.13686544774147708,-1.8349105444913396,-0.4256759417030816,-2.0445301540887466,-1.612267700651781
-0.13491529073541295,2.1723207460904135,0.29421683316628244,0.655163326200716,0.7720577386919673
-2.0611253119120065,-0.37968239259768194,1.1159806173940352,-1.2226386534054023,1.4715616299116725
-1.0090538663452324,0.8238337747828605,0.43335365736555415,-0.30578062092770175,1.5034915672858598
-0.8388385900103392,-0.7149686884007556,-1.8057104090116147,2.5669365547098,-0.8194905105649347
1.9396187850281712,1.107642137108203,-1.4657861084470536,-0.4990622605108535,-0.1369553356374081
0.4574709953113254,0.6070024812370767,-0.2881639722753671,0.44789134501199285,0.8581551510212485
1.2664566091441112,0.9066895747555274,0.3290346313603062,-0.5183463914247902,-0.6005611310845952
0.2952623364113578,-0.925918999401217,0.01974583031375518,-0.35191073050661903,0.3306568014124692
-0.9713268493622925,0.42418698564682017,-1.7563817225603344,-1.3262397968343278,-1.2014920364751271
0.9750881596829223,2.1716159519944958,-1.5313103672030501,0.5480140173507875,-0.6167938781249345
-0.48054810644769524,0.5493500163774054,-1.376788877044714,-1.2524838944141863,0.7477736572041006
0.34871174398773724,-0.9334321494879757,-0.5238305349221442,-0.33923438868602346,1.4295696021830875
0.3767473629312554,0.5522262710121413,0.627896751724101,-0.2443143823960306,-0.5466259737842266
1.0375135342078676,-1.0887559980865897,-1.5483259229558697,-0.057511244859553674,0.20410216139270618
-1.4742651517164118,0.274294914220867,1.0657695674726286,-0.47746518202936544,-1.5007432073412186
1.2885085890217955,1.042384300935055,0.5766720374049499,-0.5086822224902222,1.3449275056594405
1.8283530667036016,-1.1064242562439988,0.23284190483207817,0.26909778475408447,-0.13932795332734724
-1.2177522422251155,-0.47428654824661376,0.8522864426904369,1.2297273170184913,-0.5872963682115161
-0.005207387514731951,0.42502627577024055,-1.5684805027605153,0.03164890092752508,-1.808245473469195
-0.23134286361940978,-0.043561719116530284,0.8017148067460108,0.1997399609611505,1.452910689332859
-1.345587564103738,1.011904705091397,0.1352211872486085,-0.6722061315352046,-0.11566267075500132
-1.5345485468853584,-1.8143874695873492,-0.6380426061685663,0.8710585793431718,0.7301303669737605
0.3264098274309723,0.3624630737050451,1.4233692220237555,1.3448191158502654,2.221171090353863
-0.3559004296977017,0.4604157152585068,0.27787192122718424,0.3406895420789407,-0.3474325311754339
0.8706929741085134,0.9921836265813789,1.3447599738807625,-1.581601092368924,-1.0764289346095253
0.15921763412826295,-0.6196483287927033,1.1182148726476497,-0.2542319100195458,-1.5521919362372343
-0.76430871597914,-0.09058039526940981,-1.3823525923075983,-0.13374483503232398,1.658281177456667
-0.9952718693472181,0.053637924458092,1.1959481504275902,0.2270291191489185,2.4012993068427857
0.8474689392230164,0.02765488089840197,-0.47523525301793124,-0.07349613662020496,0.7853342427220715
0.801391901501503,-1.147082308120204,-0.6797956792259419,-1.3303082600976495,0.42504348354859744
0.6994846951325907,1.5324896647535204,0.1085494665868228,-0.1529547318348881,0.5654965162919238
0.7143626383717101,-0.11531986759551664,-0.25207259521095277,2.857723840852418,1.0661870531829607
0.4186581688418844,1.0566769818364485,-0.2476458357665964,-1.584224549506022,-1.4183751305935992
0.1711027924626767,2.0206885203939993,1.480811787347518,-2.1783026031690786,1.2004200182486269
-0.6410705226505284,-0.11882434515314592,2.1829355616670854,0.8917933759388216,-0.06832434014597114
-0.6571717100769173,1.1906378134347544,-0.9442428103436312,-0.21023146758272818,0.07565715657630163
0.1595982104850413,-0.4362586768654931,0.42643121355873953,0.40532592631768277,-1.4410991753190165
-1.60302635177096,-1.5182485850534833,-0.5636996827762434,0.1243122960076584,2.4200450024449554
-0.6026947135430608,0.5578302997029446,-1.0406534004069168,1.192021105618858,-0.5657970152460192
2.1035196502847846,-0.33860311799662357,-0.538776104209138,0.9625022369198698,0.34075633652770704
1.0844434371638416,0.32024841011064714,-1.0045725767854428,1.2457023541552517,0.08627043009345356
-0.5702711788237914,-1.3351020284669013,0.3162533142728888,-0.971243453633685,1.6566294406335593
-0.2560346999039783,-0.4623451536472296,-0.6041211098632224,0.16286558756237557,0.7274931968125469
-0.19541600391416486,-0.400540785739766,1.3951900814790785,0.8898894418218645,-0.9531462673649239
-0.04626593239347918,0.8874490069830913,1.5907039925815325,-1.1106804146409952,1.6495076520199115
0.6965932924949101,0.38377077222625694,0.802248664212118,0.5097732633397098,0.36176974440045373
-0.9884630625526434,-0.7899376039533355,-0.833633139475657,-0.8486897836567245,-0.5245540452712519
-0.7496095767334298,-0.32955834976910114,0.48308274832878584,-0.20996989911444858,-0.9974557206062672
-0.5788975338305739,0.9282319340168043,-0.29355859588241767,0.2790325274342413,1.2944385021443103
-0.4013254210551797,-0.7051701018951488,-0.4685489054728465,-1.6181216168678747,0.6102454800570705
-1.2356322079219935,-1.7244681541533706,0.03202669662103747,-1.3242910371586125,0.28230629950183345
1.310972538017196,1.0143868092487813,-1.3861865708933536,0.5198424333309233,1.0113777514265891
-0.7853713744065269,0.06473416321218109,1.1968169504377122,1.7460467570258742,0.253013826070342
0.5412781300326371,-0.6984168896224672,0.07057333599556094,-0.3410875310536292,1.1148230848380818
-0.5890294807915063,-0.16211076749981215,-0.31731006104478215,0.9098097707495433,0.4216211589284991
-0.6168530645084148,-1.7834028100114967,-0.2464847603532834,-1.2019846823287148,-0.662338206733639
-0.6329917147038415,1.6522034998655044,0.7686981864964211,0.05006131641457013,0.18003517927472315
1.0987882488287484,-2.228768261533769,-1.683925300492567,-0.9494264981440718,-0.7064819603309402
0.11086893501989871,-0.9739106049391452,-0.5901456486611562,-0.15474310762822976,1.2705390485703854
-2.6189323955121147,-0.02903508399362271,0.2426798852283077,2.126198417311167,-1.6505661981071562
-0.3414803738234645,2.5318966396506393,0.0838891870485964,0.5119220149981193,0.038282466621176785
0.5205039343917424,-0.2165383803272356,-1.2338564472635105,-1.8974365248239082,0.23406243648417235
0.7428971505426659,1.0817032630516503,-0.5919037776196385,-1.5032523739316315,-0.10756705561037509
-0.37005618890246605,1.9062820679142602,-1.920198328444794,0.4290575428277465,1.514226479456434
0.8453956736518257,-0.484837029645104,0.12805550104361435,-0.38016076111202696,0.12715508493829594
-0.5615164417850307,1.8106550731360975,1.2539020165521122,-0.1865177527587108,-0.834866884018333
0.13721536224589365,-0.91300149926866,0.3204483100717313,0.30170995156568053,1.3035300977178215
0.5175847554654176,1.4621871259740797,0.8294314980125075,-0.006961711813883254,0.3105395447052954
0.8655428576637609,-0.4055822296924442,-0.44668828609729194,0.14740835165056898,0.8504813192268386
0.02856025432766979,-0.8351092425737786,-1.0811598140710699,0.4666992934041366,1.2087330101241327
-0.24765095310562993,1.2102828963164443,0.5451357567477461,-0.4403617930723636,-0.8016097384332672
0.24311352336663428,-0.950319290779611,-1.485885282833905,-0.6449624340984313,0.20918294691365583
3.083871084008968,1.2633035467325804,0.6240852717013978,0.8142185614884081,-0.2979979980551038
0.17550046077226636,-1.2535166136064986,1.4553916474798547,-2.364085314128922,0.010520064195982956
0.6850868488698191,1.1601304639420424,-0.11730391878953633,1.4046851483376994,0.8406001487669156
-0.41190203528279873,1.993712674893824,-1.0581406941526188,-0.35725064598604095,0.2533670052838271
-2.3657072871000113,-0.19903563455043097,0.17119074109132923,1.14825697101924,1.185265768820326
-1.088678929024173,-0.7440861069697342,0.4510938122941666,0.3980272934657033,0.5433532635223359
-0.6449745493297523,-0.6574055233180368,-0.5904653168471639,-1.3662491960100631,1.24893857994923
1.0265957112321344,-0.4414033004439585,-1.809487798074991,0.48462175445591227,-0.4189219336320191
-0.6902572263329954,-0.7138641276124142,-0.2520444301656197,-0.8917161175286183,0.7136715344986199
0.3367044012552897,1.0273523620146383,-0.004423161532099177,0.9781561202675559,0.7042651885396417
-1.108619390433445,2.3397629027859943,-0.7601158131062832,2.0854060102373695,-0.46713414218706223
-1.7598915839677087,1.3659952695932576,-0.8694413325365591,-0.8846869151392687,1.280428755359863
-1.2076431945093136,-1.3595078489046846,0.049260519410695626,1.1302852627132887,-0.6526616683716773
1.3703785785451188,1.1552746909626948,-1.3637043276025507,1.2380316366242867,-1.3516708948954603
1.0145722912574502,-0.21837790001172364,-0.5462605755148859,-0.83390516674721,-0.8459024622051564
-0.031209144012554334,1.6700161434733387,0.13289616097625664,0.006163111133342749,-0.10750948556336368
0.8877760625751709,-2.393657081532034,-0.3709617767620112,-0.7591766047551785,0.7569167744539514
0.16325325077086258,-0.8162357816612741,-0.5447941220158447,0.35850493677168077,-0.4329437879216108
0.31306741580766606,0.43286583661556427,0.38242468784567923,0.704087088644868,0.5148551943433621
0.4629912306580051,0.2513057000691946,-0.18343662581208714,-0.28515556475018267,0.409557303533801
0.1342428276616028,1.0226409089357662,-1.0515649404110055,-0.81788530661367,-0.048166112410382114
0.8882771002685429,0.3244641875125405,-2.0212808576752823,-0.21136756632586248,-1.2202042646383926
-2.259680461893793,0.09863792251194325,-1.4984825926533987,-0.32017698663927663,1.2293509034957872
-1.4324211119739512,0.689117477145733,0.7105691968954255,1.772810553429383,-0.5521011803696696
0.06796592024682156,-0.4422476976209294,0.5054350897456524,0.8742952307712297,0.28120758842410054
-0.41847525048441647,-0.6480353201395955,-0.5008634580725289,-2.311931602207895,0.17500057922613885
-0.13280648709470894,0.7360470748175425,0.625403818729422,-0.7241303101537466,1.3323268286133838
-0.346795834739537,0.7165570904953228,1.035098088568453,0.07442627203297901,-1.4652562685408494
-1.2472077593681041,0.12547409645875754,1.0034687517634462,1.0621589852423192,-0.12658853496531042
0.15453675130865943,0.8709537261550084,-1.910230544740101,0.2644563451149195,0.832961082346674
-0.7776191165586556,-3.232116593847062,1.0305813132281485,-0.8337576327584745,-0.45949657729593113
-0.28142063304385706,-0.5521741117731676,-0.3545220323484486,-1.4421565781008896,-0.9095473969224483
0.7498440985641487,1.0357716768004808,-1.1194465895175454,1.349834634658107,-0.6839893879703935
3.3511238212988963,0.873847326795193,-1.8265457438058637,-0.1206305498074624,0.031207032062215645
1.160812136250203,-0.5987426161978581,-0.8157023358171945,-0.4481075790220951,-1.3776753601548715
-1.2902101065490525,0.06640720277640841,-0.7779224308636599,-0.8836005861172603,-0.21980895231912287
0.7056371955808899,0.27783918260495494,0.020078264289775757,-1.139546257183917,-0.21740406241160024
-1.2626073761898047,-1.039327191958607,-0.22867245963015845,0.1036135567890718,0.40368290707810717
-0.3029639264128794,1.5940464873034756,0.3066764359561784,-2.1626417553788535,0.2613476257115242
0.8577423598385538,0.3727948590341227,1.6534785315991558,0.4343741625947014,-0.4819406862149003
1.7849522042313446,-0.18151878570835464,0.38526214865768443,0.3012344377026463,-0.7623359069335454
0.5945648749703216,1.1775726197995402,-0.09229346249799061,0.030320182731497815,2.273918310759659
-0.5253087159556347,-0.8126659960926598,1.8870245571422377,-0.4828932314805026,0.9834756114469351
0.2766361471515915,1.9288196019623431,1.4481227085476585,-1.334874004860022,1.4245370025929684
0.7168577250849598,0.5791359551179832,0.8981408261305429,-0.23465274422928484,-0.869051390519163
-0.5108457401915381,2.169483498723814,0.15912118468336564,-0.03700672513232478,1.0941892193012928
-0.39008090609543494,0.1924911934293774,-0.7374179597026785,-0.02047308891706459,0.057714240587173865
-0.8247941596434624,0.5898242692605113,-0.5773492263855587,-0.41740413425628065,1.7357264183346564
-0.09434662091265218,-0.14587726486539546,-0.7256203564075587,-1.034705306160783,0.09452194254866593
-0.5963836328787079,-0.5307462163823076,-0.645630261442222,-0.7738957161978282,-0.19385945727419646
-0.6042773920555387,0.981366044280587,0.04136461785190899,-0.48365749484677767,-0.3076477214016863
-0.5051353669874341,-1.1517415997071696,1.8649777705725799,-0.7136952325358662,0.12696292832101277
-0.1536969201351224,-0.23257898086697057,0.5302870640552084,2.0059946568891807,-2.526107189873283
1.0295437777986478,0.8606656285903034,-0.3713172257771825,0.6431954090883093,0.1411250869491801
-0.7311664511145579,2.4909472615799024,-1.3076619517072932,-0.39271167159427695,-0.06655462508072586
0.6387069576127629,-0.015693850339385945,-0.6993076430636518,1.4323514251422422,1.6532490380255118
0.2818515247628302,1.1030157856824785,-0.0183274504238624,0.7116298609280984,-0.37639477727044995
0.6647384391182154,-0.7042881429329672,1.2894398861431915,0.14174857229697768,0.4992950009302917
0.2582363935841014,1.1120118177806038,0.7917968275786995,0.7656762426770677,0.27188120634290774
-0.464314125014691,-1.5499514693807077,0.5462480419425397,0.5952744186287265,-0.9899134726649993
-0.3942936259916247,-0.31352622401632596,0.5124542254995289,-0.37705214289680966,2.0054787646740078
0.10504573913270528,-2.2195749658533623,0.027134928095020074,1.2084793436628518,0.7547155558074704
1.4255513575019279,-0.5531928123622297,-1.5228409077978486,0.909018101443091,-0.24298705670473142
0.2823602534698854,-0.5034283101633342,0.13523954777628053,-0.4999423500424917,1.312221340321352
-1.2393016134179347,-0.19128104279606842,-0.1585428295568381,1.2934543838022232,-0.2270770165587254
0.44291266730696316,-0.59834564748721,1.8661604275834085,0.5967337757842175,-0.3547897640379748
0.47160173643837733,-0.45614531305702266,0.8708173766689964,0.1709976040289009,-2.061100563035762
-0.7941936642630971,-0.9235411271891377,1.249101424745409,-1.262420063638933,-0.6293761521659964
1.7139415799362923,-0.4821461869658119,-0.43038663021669393,0.5866025065028819,1.2790291525393735
-0.5957838907771771,0.08219313637712518,0.3634448029003609,-1.5491726661616994,-0.9851841943482832
0.38189040973586724,-0.3086193324535606,-0.9305602703816679,-0.4252466085437491,-1.240002170828766
-0.7397107445235269,0.7775871524372541,-0.479072619964676,-0.7856570160505655,1.6600125323098598
0.9408924475743989,1.6467797011492358,0.06839350124537912,1.5753390152961615,-0.045536481733066986
-0.9801411841458605,2.10369433729257,0.06360071835366045,0.6148404178951592,0.339391429033637
-0.49124342046390596,0.09678757973721722,-0.7380677784456505,-0.1331289857909495,0.23744868817188233
1.153346540598657,1.5429997736410224,-1.5626847798484507,-0.17271895104681792,0.3988109707731508
1.1225470024643989,-0.8542914684138757,-1.103634249637315,-1.6553286268831695,-0.4376298982726429
-0.7407900294919778,-0.6925962158982102,0.20696126193139933,0.43781914816722606,-1.1659805307035152
1.9128176900943354,1.1080657221754404,0.5747771857892631,1.4017961484432369,-3.156781398610411
0.9980370256070114,0.46999042261897617,-0.5395121293315401,0.9039599500861171,-0.5209305492694836
-0.35363342004273907,0.08877229249136252,-2.3676962278246414,-0.39547187823194613,-0.8157354529638752
-0.758063954539305,-1.1177108093394688,0.517336815990887,-1.463814647546141,-0.5564232661103493
-0.7918360755185825,1.7843021665951493,1.3939253884731804,-0.9010701154164538,1.1393953490928408
0.21209744624199298,-0.9653857813113566,-0.5278747948499013,-0.6702937428612896,-0.6353546866297584
-1.2227409063965804,-1.5725444137256597,-0.7199081250430126,-1.0002633006917898,-0.18013129829395283
-0.33749754691301004,1.7812740858959712,-0.09813952265387597,0.025129524047756906,0.5899304284597894
2.0483978473159947,0.19074986509761319,0.05076405465802552,0.5664126711535231,0.7215454377256088
0.15697719232036916,-2.5302311893792995,-1.3645376440721566,-0.7852379404411187,-2.2672939603299866
2.253682450387873,-1.6317534112729364,0.8592761427939738,-0.5515970197112329,0.19026148434122636
0.28438328634103627,-0.15972241462179987,0.869702099714843,-0.28939890822861064,-1.031105139023822
-0.4282699340678211,-1.4284750528496075,-0.15578589365569767,0.35743507920727835,-0.048840764105358106
-1.1292024647739556,0.18163394879309844,-0.9532993232752822,-0.8064919951647036,1.6689687459765183
-1.3856872478713138,-1.9323548935372532,0.5473843079266334,-0.3143628388266214,0.1832885935927982
-0.24328911165529332,-0.6844507721656733,-0.5218012486488709,-0.30712025404664267,1.1115397691736186
-0.4988603409079256,-0.14706384473517592,-0.104944140263384,-1.7682842296430725,1.0499224019064077
1.2843398473285323,-0.5957882388185725,0.5655077883202224,0.8979133216493042,-1.296266520179813
1.9737114485195622,-1.6773805991651924,0.2215320427162278,0.5542701554032676,0.4945204547940392
1.043120361698734,-0.3195249675429727,0.24477058545179442,-0.5498760856827958,0.7808611932566492
1.1700160430832374,0.1959842876619041,-1.2757290417540794,-0.03302820143245795,1.2057157232569005
0.4688901797311765,-0.0038811010199167172,-0.3204558149370863,0.12813654027715818,-1.2506552589279996
0.8558539965197519,0.01821875218208678,0.5929112794335011,-0.03893911533847323,0.645392678667723
1.3209890479865039,-0.8259249770766035,-1.558236030461844,1.4361612411653075,1.9212007690040311
0.19902932722702357,2.343413990249158,-0.29757516833578507,0.16861497912044612,-2.7615831353314997
0.2630105514341513,-0.6026238617337113,0.27769053174530345,-1.5891452932011998,0.5734188894246862
-0.5542514795404242,0.23670471344088664,0.971841405563632,0.19809529683196336,0.4615636871018618
0.7980977467812349,1.8809564260908875,0.17732414838068639,-1.1792956931773992,0.07735106009014447
-0.19255290589315716,-0.05445847497331666,-1.0668940198946315,0.6801615050392406,-2.1527071539068308
-0.21853144111304876,-1.4531570686099158,-0.17830352429002536,0.0458441723324024,0.7280586883081381
0.18337657107341981,1.1873361334299082,0.7352200336569512,-0.5539798658564506,-2.396333007876354
0.5241423346377515,0.25288929604370874,1.5455540875329703,-0.8482525396928091,1.815261128131581
0.32683721197927956,-0.07291474960942253,0.12087578602045448,-0.6011204091380307,-1.059399886050994
-0.4105809382029987,0.3875960712294509,-1.2904018178373617,-1.231451578632511,0.28695203684612486
-1.0931648677180963,0.6635604590793972,0.1776099452644613,1.6643816247658698,0.05270413690472745
-0.6003403939026168,0.1598886803811864,-2.560276883173026,0.3751938030023642,-0.8805776956290833
0.9376376587548116,-2.216953207080269,0.28555149814471925,-0.45156601751818326,-1.1632486086264475
-0.060013640844180274,-0.3466346786000266,-0.3135751879638787,-1.6975115245265289,1.506880537949226
0.7890757540340527,0.46142371766862483,-0.23322158017943279,-1.0533054549259462,-0.7245118755523817
-0.994108036631722,-0.5091938268196033,0.11537108648723715,0.7267045969510925,0.7100828507051844
-0.7552621719114666,0.016461389927854574,-1.3138726170219974,0.49395565367435357,0.3371784853764095
-1.273094333181594,-1.4814960065692697,-1.6275566932644185,-1.0633542346794942,-1.032244739080056
-0.8684292000725761,0.6103517413928844,0.7269775889674799,-0.6896541732928916,1.9797527081731463
0.22399811868356484,0.9658382940701604,-1.1181933968108062,0.6695745486204511,-1.182643288918044
0.871406240341717,0.6977548640529737,-0.15468335615870019,-0.3408233190049037,0.5962222348432945
-0.7411353728449003,-0.006512084102842573,0.437316331020753,1.534786473856011,-0.1077319862432045
-0.5530609273106822,-0.6812538068913063,-1.0707820743981828,-0.04524418127492104,0.14347494458567808
0.49083878851594187,0.5677055233192607,1.8222708534284193,0.21994064729491652,-1.68238428771843
-0.6980896650579407,0.7421669566401392,0.9747047608767138,-0.13197115106659763,1.2937564836958184
0.11615764543071093,1.4140675597072525,1.0950463272961024,-0.39302150883188625,0.6131097863108697
-0.026742628363440005,-1.3097415830734935,0.6217067264684442,-0.23452694350152353,-1.5941568615688828
1.1117996981825655,0.11281253522319501,0.6733507203730726,0.02431132158084288,0.007117525528326804
-0.41531399282336795,1.3339150665027397,-0.23438899659635934,-0.2934100305404278,-1.3694804638064024
-0.5619428602351082,0.3464038305733374,-0.4404279217083886,-0.666109805857118,0.20447204253293325
-1.5870079514133617,0.6070994081376855,0.007034890879005483,0.14472981999860232,0.003448911753383918
-0.844309465623254,1.1885508380870444,0.17220610603223824,-0.664645035564748,-1.2014356544879365
0.38576421733943456,-2.801998996438792,0.10956881162381372,0.1394632702862324,-0.262597526717835
-0.9665816395339988,-0.42674718686882324,0.16626951237198534,-0.022450704724900655,0.4121256333287488
-0.5658310901386583,1.9563135590229743,2.296636580601943,0.8467554657645091,-0.30854793535125474
0.2576957837258648,0.5398101571142293,1.4369134582686314,1.484368954510053,0.05371721512775461
-0.4415738112361277,0.7375791178918221,-0.0031311240176256183,0.07599266640474298,-0.84925561676789
-0.36521379619099026,-0.38867857554199475,-1.5880749103561513,-0.04264639803609172,0.15197211646452333
0.6651988796639459,0.8183998771028828,-0.401170467175683,0.8650460794365881,0.5049687191896277
1.1166367647826176,-1.8417352979637946,0.4380778476119093,0.302633163955391,-0.6592369129062366
-0.6745397362966107,0.39274846600526053,-0.4130522121639613,-1.5172970088679836,-0.7323055071645247
0.5654143473957064,0.8464467188243322,-1.5027419173763694,1.193194346604303,1.3153245326145506
-1.6989181694052005,1.0475739594168425,-0.41296462535108824,-0.5776915570390062,0.363730516843205
1.6443680167195438,-1.0861182601415387,0.05648106244549996,1.1597170054757406,-0.8463897790649523
-1.1062893588567178,2.049068527694653,0.23099130358545494,2.0412177387608583,-0.9389465819928363
0.5463115764615045,-1.104965334844393,0.8278824054824115,0.7221542932788813,-0.6946209390270287
0.4279585563829911,-1.2725642876188474,1.3400278180891065,0.18390104469680177,0.6965790638325488
0.046820983583831584,-0.2549286950142912,-0.7243334836924584,0.30766754401026203,-0.32121548727911703
-0.011959702427074748,-0.6476535940586869,0.9953185921476742,1.1259440108120313,-1.0367189768063307
-0.07214895741924714,0.5508461163180199,0.2598019952215392,2.259393965984167,1.3622024472793017
0.22580061949717167,0.34208709193298226,0.11757885404639018,-0.4861228097014027,2.2305924324439093
-0.2718382556949787,0.17540414625875858,0.9625716672476053,-0.43738805471164893,0.4665564495601957
0.19143184341938108,-1.4870340964998896,-0.5027401412505543,-1.6858674485253922,-0.6349225533896136
0.6565296195004658,2.4486791761241267,0.395655472715498,1.0797032142539644,0.8560105236129295
1.1696734306742347,0.7674276123522723,0.19184522823089634,-0.734662567292442,0.15614959191739175
0.3760316005091072,-0.33006159374502575,0.5083715694723927,1.406803635888341,-0.19426032439454488
-1.5958810259482545,-0.242779503761168,0.4676942635742972,1.0465458867155906,1.51183813994229
1.2045255662635652,0.7292584039617503,0.5702047231411643,-0.05294817801460533,1.0169624127170374
1.7516609710273157,-0.13420691146252725,0.5096223905639411,-2.5672266323599815,-0.5148523368876886
0.41578461027247526,0.05209200418837777,-0.00606126991416725,0.5764998102329308,0.5219642104619193
1.5219834143309163,-0.2649307284140882,-0.09257169618472623,0.4097314624616515,-0.06333739671165375
-0.6802910873050468,-0.02448679301286798,0.5968985591454821,-0.8789007014965964,-1.3835323604950827
0.00988289874874471,0.4322114899604215,-1.1052171793200822,-1.7617641624758549,-1.6428707698033016
1.1633336128169298,-0.302020045650738,0.19148995074835434,-0.4812112355229513,0.39122847750928413
0.0918287538285476,2.1707492937804647,-0.9832058510058925,1.36895226449109,0.22379560023975437
1.705610480333942,-0.30059720940515877,0.47751267105302536,0.042412695429979975,-2.2660065579481414
-0.2813564088356009,-0.2053805658506591,0.04279402735158962,1.7888143743209306,0.2207389364286459
1.7721087730206344,-0.020970516357375443,-0.65961417837312,-0.022987057318900276,-0.31990162030876973
1.1243793640246798,0.30912950610044515,0.49209202919107836,0.24359963676585247,0.29635060675505426
1.2291285333776483,-0.38301169833037035,0.40760494764851135,0.29676624668382856,-1.1303050826171561
0.4695554402089937,-0.14367585355298387,-1.9279747376473353,0.013648746153906955,0.3426033452412985
0.6345199817509918,-0.23917206464100682,-0.44757705014163746,-0.00328565290610789,0.777297900391829
2.235642854947622,2.0767259013379573,0.194756676867981,-0.3147742206050893,-0.2255867276942918
0.32805549436145875,-0.09567508986165409,-0.44192611937993476,0.89067264460301,0.6349749822090501
-1.2756612509602265,1.7797508001550602,0.3352865683856484,-0.8577073282538593,-1.1620332528550616
3.578236652636626,0.018163741398907897,0.5653788621109896,-0.7458771216507355,1.374371713947992
0.4382925597518832,0.8580689890051716,1.601525503445358,0.7464023982630998,-0.7101277439688867
-0.8885339683315503,-0.15202065036549547,0.1584486639746175,-1.1853378988964878,-1.8148146360093738
-1.3559216431977943,-0.8232631201939038,-0.6867666941668906,-0.4492844211414983,-0.02162429941652249
-0.12284807387538638,0.5267623656895714,0.7656875098062992,-1.0128467397599519,-0.0835738142499918
-0.3479883379625507,-1.6384425443665394,0.45140603559084236,-0.10135747450434,-0.26952349944455395
-0.6643816948984659,1.4973136193475594,-0.4215207886403054,-0.860057602493226,0.19866598564716953
-0.5079480590110227,-0.5402859504122507,-1.9625790950168946,1.7880659065473181,-0.38788895855216304
0.8788816321304056,0.7348566751732735,1.6777808762563418,0.295952835187544,-0.5984257130241274
0.9137098165009093,-0.18893322529221138,-2.0146346625718237,0.47076895447781314,-1.3268368452007726
1.0808658884688775,0.038262210347570526,1.7634318065104364,1.5040265160330086,-1.6558150407919696
0.09505095687250598,-0.42870437050034266,-2.721996126986502,0.6886152384525684,0.46888531510563397
0.5899847830410601,-0.994780666366607,-1.7923712533092022,0.6332993223572362,-0.6430370950689581
-2.3044183198630126,0.2338262210954487,-0.10210630752429961,-1.3054783485555743,0.00562601315107442
-0.4469906490157312,-0.6019967378494635,-0.29571300844143117,-0.4641674653721407,-0.05058101378931195
-0.9795380029372113,-1.0580524731270897,0.7635532261820329,-0.9095495293194044,0.09923463509230139
-1.260752828310873,-0.22812575217191877,-0.8650273948713426,0.13296564758215848,-0.701612860438314
-0.0360335148484468,-0.33931456033962115,1.6547139201284187,1.1452729712382268,0.5627560324779308
1.3133274961650767,-0.10903738838146425,-1.0050198108068051,-1.0086467360076061,-0.8093563370247489
-0.4733355297440947,1.9516287553640403,0.7406364317954803,-0.8012544884151647,-1.492129348904508
0.7808165394520343,1.1910874560856455,-1.6153198700893405,-0.42584131442818945,0.33797082271955275
1.1396355231092106,0.49355954104708355,0.0357390237443472,-1.6926377480632213,-1.6005371813995035
0.2535895537156017,1.4702974641349285,-1.8985396484899992,-1.108754152691043,-0.3396351567777657
1.8865792377274209,0.04715557266583298,1.3350024275501757,-0.9781190150742172,1.1628663671949369
0.7670615168281045,-0.7965455875930461,1.0388998734142585,0.5171806876389509,0.4594566765629767
0.4026048927715462,0.8115908107141181,-0.6522321922780222,0.2969568803617636,0.17038045957025413
-0.7408191285349511,-0.7825346065017122,0.04185866800738193,1.539283034983158,-0.5752022950571677
-0.3271983737601801,-0.10456792728114155,-1.2308724289581052,-0.04742416939147539,-1.2022008455753732
0.5180666289795045,0.17765658229684103,0.13142872950112994,0.5790414915632964,-0.5261119240350413
-0.2451843434399757,1.4527740270301024,-0.0615826582207478,0.3125194019511411,0.41012560056029046
0.6492969076327932,-0.16974955680531342,-0.06468758531036546,-0.2697439383122117,0.16605578650321948
-1.1537388872277865,0.32345023727829336,-1.0263634339698409,-0.9553101915602008,0.19289818852018775
0.18978784505397708,-0.6974846116270944,-1.7167748912522311,0.4612342413109914,1.4399779106936788
0.4282785423947523,-0.3823982863958463,-1.488787378434868,-0.07829435630559949,1.0859746893290254
-1.4215284231805871,0.05895810682928954,0.5704847490835261,1.6081109641018028,0.6133013446598718
-0.9526813931280352,-0.3314508682233247,0.21932117995750308,-0.5491755746214674,0.27021929999202776
-1.6755569627024238,-0.0036460128573345546,-1.0792332807869198,-1.6563282689368417,0.9604492434888182
0.5780284089737797,-0.9948632793027626,-2.2907274711610017,0.48532552767636505,-0.5669847039674425
-2.0607881392838445,0.14405413429344477,0.4641698888491357,-0.501528105335504,1.3158677292133063
-0.2624903201253273,0.8094263544759437,-1.8562622783712446,1.3962222947948661,0.15875425488602674
2.36749015040969,-1.0349240446316093,1.5521769669171313,-0.4030880329108949,-0.25560521827676497
-2.0759468456294337,-0.1954443210495273,0.40899829354731887,-0.7745715140465002,0.5737164416586733
-1.3992830699748067,-0.2170046488725701,0.013222896798471728,-0.6312451520232819,-1.1287211032866036
-1.1338439551006876,0.9263326053168999,-0.7445591935850719,-0.5941127265553383,-1.0058420828558539
0.4076822812565195,-1.9250766243898634,-0.26328780249215267,1.0714513270109927,-0.6376682679596399
1.3990345212333695,-0.13012523893755568,0.2007480004353496,1.586029866198431,-0.3347080064208647
1.7921046185667986,-1.325427165891598,0.25073907600073486,0.5854822715969459,0.22873732752849185
-1.5156888779180053,-1.134109651518429,0.9202127822013297,-0.9202970101982574,1.7457756204370622
-1.2207606907777375,1.1714148104449689,-1.0576634989140692,-0.8623389252920846,0.7341673406983915
-0.22365070153132416,-1.0907627364160317,-1.0186219180567595,-0.5235038290072896,1.020825341374585
-3.030695346819797,-0.0363499760471138,-1.7312444189278748,0.1910584459093703,-0.5212770761994232
-0.6150985090222734,2.494272063094594,0.011977681083839696,0.6409928672938381,1.3146709841388216
0.9092443715010576,-0.015121700643583466,-0.9036713427974218,-0.6915162153491438,-1.041636861634769
-2.578148031883139,0.5263467960735092,-1.8203234410070666,1.0871507663055853,-0.7742328741219396
0.593060658408034,0.5838785537076556,-2.071938632125307,-0.8711844096802701,0.09378747099346973
0.5486744090316162,0.3545240345373247,1.2510903852845467,-0.5419479886004167,0.2551947512895781
1.5015682766358753,0.12696420047188908,-0.5283527645961097,0.06432596509005212,0.3000735548233475
0.2671414365853144,0.33108775172101873,0.24710279635121687,0.8063009715912719,-0.5392505943404216
-0.13974452446307695,-0.3394963409697913,0.6877054997523802,0.171921535729325,1.317089812783097
-0.7108450480805036,-0.8323470905996178,0.07517318791353655,-0.054796833331670194,-1.3841665038906783
0.9823105991263571,1.168086006894058,-0.7875503370312533,0.4135806522924709,-0.7030156225408107
-0.02241389665200965,-0.24053326552685694,-1.7183425594010306,-0.09090926342641238,-0.3115925886002971
-0.25123030251216316,-1.3575614237681066,-0.7427420220226226,0.6925947740348399,-1.5657562181819271
0.47225460131681435,-0.16361088025712694,-0.8894020437571345,0.20524217745772008,1.3940187761762335
-0.7782429639917743,-0.1744201755015219,-0.01224822904795345,2.0136867085143386,0.3853278081641015
-0.002875396634077782,-0.19398717436622168,0.7329023362672845,-0.7608885333135931,0.8894090669966459
0.19222390716267032,-0.2743800970991369,-0.465132893677944,-0.8170031964183564,-1.2177163972620026
-2.4422596850733784,-1.385328305575068,0.400455521380269,-0.6906836151310686,0.842637425307112
-0.6595335568625144,0.8037079952061357,-0.1190120972552088,-0.10230229226063568,1.3332008286627683
0.3702222002005097,-1.4447192409424348,-0.35057847209085147,-0.4857629832710591,0.036897950615265206
0.8161414981388421,0.08620584304394764,0.5779010858424517,0.08681212396752666,0.07368083118669484
0.6087505384332043,-0.7957093790196275,0.020430864135256382,-0.8168427158497508,0.23025442312321748
0.6345479620529748,0.1665399721855577,0.5541140643559226,1.1382005644274154,2.675354110682117
0.50626643120861,-0.564850574447464,1.4786004839572569,-0.22432744336078994,-0.5133544227752579
0.2724820201643811,0.2917812728036259,0.03696175567211035,1.1721595370769762,1.0785581977880763
0.24325166907373133,0.900501043840235,0.23877675719835129,1.9472651008808906,0.7226299367688336
0.36086555329224174,0.9063087467685598,-0.913874252834623,0.23742707543996547,0.6878834507798561
-0.8496565240887766,1.3992861427510317,-1.576354771604068,-0.2846997322095325,-0.1397181434833552
1.216397042961215,-0.8132938880886126,0.9294179815391302,-1.1903367010914507,-0.2506829208097987
1.0829965820601477,0.4869776184473036,0.6004211099526502,0.9545827346970184,0.6624344330290776
0.46201039276149536,-0.6652907727870451,1.0479791318017044,0.04772099767718165,-0.6793675862824228
1.3919439686820876,0.005025471335323586,-0.034532482115909494,0.4114662333178149,0.07856181399516521
0.26708507747998816,-0.094966562319957,-0.2874846713279543,1.71790866324676,-1.8565352818393166
-0.29046007712079747,-0.8358638119017057,-2.247744061560273,0.08565616648806379,1.1467264252113805
-1.0869572848226394,0.3493315306950076,0.058621358529853625,0.09152109445312616,0.8185599439219096
0.3365913857178833,-2.095494168524263,0.9335435331439876,-0.05818651952171638,0.10172156920792368
0.9513095922856237,1.0654026203534328,-0.35606512540584523,-0.17213175667027308,0.9960788842224647
-0.0054141076422801705,0.1456245815169423,-0.6854642214121357,1.126301027488695,1.7616662367874076
1.410284406975878,-0.16255375359471516,1.2421866778236283,-1.6239045816459117,0.2537240871814864
-0.6431667522356366,0.08076427735685786,0.28000724200547245,-1.414191013272931,1.0770693984856734
-1.321678171121904,0.006954723338890972,1.7071755097888268,0.10135407473525315,1.6879801614151773
-0.7916612918745781,-0.11702570422789153,0.8526346297029782,-1.1187448026717424,-0.5904737698604434
0.6347099567633989,-2.9227284269119944,-1.609116435018963,1.4992580283940522,0.7255651686183302
0.8368358550496976,-0.2630230410611051,-1.3147094110616206,1.574335318962216,-0.34946341392840163
-0.1742861551541041,1.30319268146105,-1.114856171377291,1.0876247059890738,0.3174763430103506
0.06985111451142927,-0.458666258415679,0.5829871055854953,0.7462944103730301,-0.7456187943311474
-0.36739079230764643,0.4403737095347723,-0.329856071339857,-0.48056714909653825,0.6041290314984283
0.16653977623743463,-0.28459655781803933,-0.21853686296207034,-1.5154572948382692,-0.3329375317823264
-1.7236494906176,-2.0990562139854463,0.08341595201499093,0.1027223556468127,-1.8623916346428853
1.0184266863963265,-0.056280027064721815,-0.7774283713345533,0.11545789175263338,0.43754747993246085
0.04110829527540447,-1.4948435554296993,-0.269865772551845,0.5134179158014839,0.37583569256498195
0.286404755167588,-0.336310998832603,0.296886898249357,0.5409740102963944,0.829295534367714
0.8452936755658386,-1.1430135468134175,-0.2809774652803195,0.5992396977136476,1.0346296049397876
0.8962975540980417,-0.16403481099478126,-1.5514388232959044,0.020225159486697945,0.9391186502076397
-0.9382103952590931,-1.6469202649763768,-0.4308114190993169,-1.8568057685256134,-1.5935875856760462
-1.1344717845575316,2.2057980667967563,-0.6047438953632364,0.4935582990460487,0.5825532801665835
-0.9479160566695871,0.2081379686888909,2.370913184756148,-0.2932000647522523,0.5929306700852435
-0.13781588182678636,-1.175022089252206,0.9556225307611076,0.4476891535809783,-1.475914644095127
-0.6204081211832699,-0.7987406789364412,-2.232875084376717,-0.893846415443651,1.9720948047228244
0.9586510131405629,0.2426953362138149,-0.5645297339148387,-0.6369329647589739,0.5764564482786197
0.294477287094425,-0.4347415462988116,0.312328827533069,-0.7192976167605173,-1.2471610205742973
0.9478667431560736,-0.34877328941125296,-1.6927955090237015,-1.123968882116525,1.004173327037716
0.7632251632645473,-0.43678043357106155,-0.9791071599225772,1.3694615757966389,1.0509651152114672
1.0290187212810356,-1.0368168942084497,-1.6955978186896847,-0.3408728224136007,-0.14282537773838777
1.0153797717230628,0.48891803997861955,0.6458745454693463,-0.39853532593449603,0.19011953851400537
0.1592862363262089,-0.30226665728092095,1.483487164785532,0.5022349380056386,0.8409772557436201
0.773299412403763,-0.36125263023407184,1.312371795269761,-0.9856533698533496,0.06784208160299052
-0.46819289650061846,-0.8623002981332593,1.5693132633755216,-0.5201344238251351,-0.47009595447837016
-0.569162202013761,0.9636496442993188,-0.3488695582094959,-0.3426859297998784,0.4926515878564155
0.34063997168880417,0.8901624360412043,-1.4940089364250855,1.773674911293107,-2.1659283056660783
-0.09163801033366652,0.33567184255238924,-0.712671006418722,0.25740678331307537,1.593050902541458
0.9966419588285126,1.159929107244955,0.17089045234477349,-0.37469126303887823,0.25040406064759957
-0.08106860530828436,0.7092263113696494,0.2094883530589735,-1.2924437669117668,-1.408615186434253
0.45896870881346263,0.6190693795813251,-0.14704453148710633,0.10081116552760833,1.1791763128657056
1.050511438384593,-0.5005240613484492,-0.06353870020375993,-1.1888153097390335,1.063171240479831
-0.7277205314764119,-0.631407123525161,0.4131313386049755,-0.7214954489338415,-0.5977178364099619
0.6380497511433743,1.0353453626982922,0.7931675493716366,0.22901366659001046,0.6409631262241193
0.11645802404558489,0.3517648717147656,-0.6903858129600795,1.199521966206768,-0.7563390545164095
0.34832110342361666,1.6746946554498163,-2.634182577004138,-0.3408430292682498,0.30253553927949084
-1.707871930960221,0.06375339991964649,3.883681181674991,-1.0737393943461622,0.20241287564830668
-3.774898689840735,-2.092842839245729,1.5293306383082053,-0.17114806691764228,-0.433797349211845
0.37346519697245556,0.1985927254204725,1.6158142810490927,1.1900403144547542,-0.9624556757254236
1.1675866763122733,-0.5439212820474765,1.531828891665272,0.5078019525681192,1.1618978259018677
-0.9808984561558568,0.7606998288855886,-0.5665107880105167,-0.052809054428926874,-0.7734731163490749
0.29652313728597995,-0.4316204746496409,0.41742558865477053,0.7178505706766096,1.1854147816000218
0.6385894522037068,0.8181844651609074,-0.4703391648355038,-0.2671461644038489,2.4345005407534734
1.3278999298961454,-0.43018551384708764,-0.18698331749129882,0.5717406919126157,-1.0429901258092535
-0.24898598763674387,1.5306038132666953,-1.9498289548810066,1.1656393827731593,0.005239456877956613
0.011369051547904243,1.7927231723599726,0.3281363563747918,0.1932848270037784,-0.8285672307115459
-0.04063783760718503,-0.4132353510529385,0.19974965504375247,-0.6278027432162271,0.3820076279657543
0.001526476202530648,1.1189201725803712,-0.8368381679226932,-0.08402900241925716,-2.7619210901671005
-0.392742242398028,1.7864924644770106,-0.6869807477246364,0.6351290866796148,2.373148964375485
-1.8676295600176473,-2.848749603673581,1.5759438429762658,0.4377630132943367,1.0321434715005156
1.3933808914102268,-0.6063942035456018,0.11112059103579211,1.2777996652297545,0.5589864819785473
0.7603738837868234,-1.0497132737266308,0.9777590376579122,-0.6675455800678319,0.3423935549573114
-2.067882709374651,-0.8459478310584287,0.6024244467299822,0.1593542087534319,-1.1285872974830924
0.14884390437852454,0.7099758742888168,-1.7248070043505814,1.3828516881357635,-0.892771162144184
-0.3375603279964217,0.781698663939831,-0.9662791288777408,0.2292337102802552,0.6144539050704466
-0.533814367697392,-0.7464533623876192,0.2674354801333701,0.45882567977912886,-0.6142051622281571
0.0017604015337734545,0.05530713054216482,0.5403486738863207,-1.3849678053010486,-0.9329614236047209
-0.4693902993203293,0.05888508692257466,-0.1727183465986588,-0.6336374514387535,-0.04349269973997209
-0.20607976271555545,-0.24498825127820126,-0.4676063191321414,0.06064285248477341,1.8655829323693707
0.4139525867920604,2.438463571135313,-0.8846212654885217,-1.4528595237914452,0.4271225520694459
0.3768993965795978,0.7821545930106341,-0.020071020469858203,0.2288570597572172,-0.6051279989598554
0.6239039130830039,-1.0152935136752992,-0.7758619824082575,0.29690356954086233,-1.0290451880559757
-1.6039451586203954,0.40539025189178307,-1.06879696078884,2.530799950892861,2.0798561251601058
0.09369376175994307,0.44714056170224825,0.7082222383018775,0.3244686858570278,0.5863218144591624
-2.003153121683132,0.7602027668349745,0.3506706834254032,0.17395725137304333,-0.11277744104922519
0.9210638681764024,1.9358094771892205,0.03465403569359649,0.153968049736618,0.018328375970101767
0.3862115146944515,-0.9230867714675705,0.4149229850662194,-0.24423308131649782,-0.6445134136901323
1.2293051232292214,0.8964043334891424,1.922097254987214,0.8313101734554992,-0.816389271061551
-0.3934065734471079,0.4927924030846348,-0.6830233770211888,1.1237230663761157,0.9271628741376823
0.06509893863171962,0.045294060544316464,1.8684551213077507,-1.268110859133135,1.5502288370653414
-0.4558425551007146,-1.296309162910595,-1.4443162388489739,1.828610257992728,-0.11502837972687516
2.0719130958579095,0.2021082311009612,-1.10955963712629,0.1124162860849155,-1.0456278832726562
0.33841920918062623,-0.005165433356757533,0.921897068486408,-1.5235885791305859,-0.9420624925700384
-1.2798882417837139,1.05650077835991,0.6058810559594786,0.2685688178040342,0.4257863325120099
0.9270865627603893,-0.24213264713739835,-0.6642062734616391,-1.53682626118523,0.19206483955746598
-0.9723504961743367,-0.7925984755249481,-0.7501681658220848,-2.4662566871341727,-0.5026967287596444
-0.9549544878087806,-0.5570330572931274,1.9251082703245677,-0.4165432314451017,2.009774891691833
-0.03254677596851967,1.6508255951414845,-0.8880130145423838,-1.3264546280836336,0.7989417227560498
-0.8795511449262745,1.98134486676313,-0.10766389509701467,-1.4565240888322428,0.33562948094481554
-2.8365171923489627,-0.7077875245904722,-0.22169323267631214,-0.15289685508881387,-0.1575737618337442
1.440022976645039,-1.6215880730385557,-1.2822627395519597,-1.2876661490642756,-0.0024345013606187123
-1.4286502702158645,-0.6489966085333129,0.728745842604144,-0.3485970933903197,0.4469440643800091
-0.7450800033011895,0.2633887337021312,2.1946773126759114,0.652231784633136,-0.7427092190169878
0.10227786854033685,-0.28484157338878247,1.0611688771674808,-1.0992851263891077,-0.4982666101298563
-0.6147701435625798,0.38895944654834846,-0.39419188224484103,1.2288671556380764,-0.5043314700236321
-1.3355594726259272,1.38709581321599,0.3136591549087719,0.035187195444415745,-0.42760680796737577
0.7792533670510715,-0.2938990143367769,-0.2341866943783954,1.1919119740323203,-0.8681463528015682
-1.4446442218577344,-0.9415841834523204,-0.2784819149412844,-0.14413761249371276,0.49602872343384286
0.8843515056426701,0.07293012787988343,-1.3719185226690203,1.8360991139248577,3.099781198013164
0.0893924997573132,-1.768272751445507,-2.406503281275225,1.6055879725169946,0.518036192543966
0.018172587499473387,-0.9080296435392748,-0.805061787609295,1.2092320902818472,-1.2911271991746256
1.8749598505581844,-2.631383490084947,-2.2530436577074746,-1.6180143332304981,-0.2170431403928889
1.7297421048979709,0.9365925878890976,2.232930841745479,-1.6413895211033165,-0.01611455748650959
0.34144215271170286,0.1945793761942977,-1.825081709255919,0.7048101743564754,-1.6354747069721696
-1.1636303415872025,1.3758050481749984,0.40308641173273907,-0.09326466396079498,1.8942206566821929
0.9519985861991132,-0.2808790472952371,0.8088868613365853,1.3139656940865518,-2.324392228177212
0.1744199114359777,-0.21544824809788815,-0.040539748015249705,-0.1044092141536091,0.5684393664429882
1.3312776707158387,-0.8620685610484267,1.8305565212403694,1.1100809870267008,0.9160465745152839
-0.3741877654325903,-0.44924971813993303,-0.14048218104074625,-0.01416769874205643,-1.0781088635178724
-0.09467204777463237,-0.5228060881522555,-2.333734014125681,-0.5231694107208908,0.2735852458628596
0.3049118322593963,-0.9469127414917682,-1.5317852309473403,0.8932876834768209,-0.12710863959817065
0.7510550707030926,1.2793869276113203,-0.547033500836345,-1.212901962384551,1.912717527373088
-1.4815439578339094,0.32734129604845896,-0.30368643181548877,0.895684538980294,-0.37892644896209127
0.7681625774029084,1.4993050531037235,-0.3029305932754552,0.39353004247515,-1.5665175255868804
-0.8933217652457052,0.47379155774480103,-0.7008986723105178,-1.6307506380133088,-1.0153288266373346
0.0953190911255419,-2.2853682626413323,-0.6654838022601758,-0.828809022859257,-0.802923046625044
-1.4847335517824993,-0.8818911201693681,-0.2899016728592854,-1.549332455188018,-0.38705648203630877
-0.0637551678323576,0.7919049293206769,-1.0604386802471757,-0.8250313737565895,1.071133410764204
-0.8521703818936142,0.15940093816708642,1.615112655206347,1.1038046206935546,-1.7999646541057532
-0.2869287114850579,1.0293526261183152,0.5192639995183691,2.0142742722466456,1.0370568826700102
1.2623112480670207,0.7356415257243699,2.608186188466777,-0.8438575311668937,0.00429909654073701
-0.38370941275321474,-0.7505394057095259,-0.4344801643998597,-0.24486138899859256,1.9839863578514494
-0.7192315277055626,0.1730342003372546,-0.7090839654601938,0.19429211491266424,0.23515308228421986
0.12638613240215874,1.4414796115864559,0.2594576663749131,0.38104079596986873,0.8641178051344842
-1.1449323581608808,0.15274244791232455,-2.2466864890851053,-0.43106315320999583,-1.3438923711428372
-0.5250022760505251,0.8394165822162674,-0.8650072275007228,0.79572706273676,0.37623196488244554
-0.18160077367042252,-0.14090289674690218,0.4032539122100513,-0.29832029967087126,2.6500034875485943
-0.05825979427402818,0.20273522684610304,-1.6302760065093127,-0.29553338452332323,0.9687490797990643
0.8453445608904487,-1.2088926316982445,0.15217089885893673,-1.9796877500283185,1.0529497565552883
0.43429083150575903,-0.31775151579544586,-1.6770829302240935,-0.6003570245696856,0.45142480111364264
0.44201912694848866,2.2047570626832025,-1.752319600655562,-0.4325018924081301,1.1239143936450469
0.10043825682750643,-1.1166318315809052,2.28331802847521,0.3884344780295098,0.8685415132681751
-0.2740904473246712,0.998067657489017,-0.9738715881889779,0.5972477410071488,0.3613197759622856
-1.768581762928355,0.40610940760143327,-0.49031481445234826,-0.2607107871952921,1.7074492143343172
-0.1756688864410294,-0.07414241249251548,0.2934736371015126,-0.29600351808846315,0.145700396794706
-0.9544810234939248,-1.1773825047263484,0.8598393915997632,-0.33152454297024725,0.26253640564943637
-0.8847243302476141,-0.1757734728173928,1.2544928563758504,-1.5867749579925912,-0.36369414233173863
-0.07749611896811295,-2.5755406073450713,-1.028002444520862,-0.12305778717636508,1.142485621075473
-0.9503516962498934,1.237349497496337,-0.5094148173146837,0.18733530662937672,0.41085461282301466
1.218573648330161,0.2841158357343706,-0.6455629572704146,0.8201121548716058,0.23023361740918505
-0.6270841114623951,0.3924810777544004,-0.6320305291599763,-1.3324609282675601,-0.2904891413071139
-1.4748303376260739,-0.3724423631859781,1.4473073926472626,0.9060970107909174,-0.39824672763776314
-1.0777889878952571,-0.4690206672584588,0.8978088372115584,-0.8144930090502445,-1.1616079284894405
-1.598528759918825,-0.6781165653352533,0.44395591657510103,0.5668157563460602,-0.08075146582248975
-0.7934091707670691,-1.35295382451931,0.5407396487015562,-0.8426879837852026,0.07914453148779789
1.142501158462235,-0.29672824424153416,1.4232181971855313,0.6897487552567119,0.7550191313775148
-0.2220313396885751,1.09710806637084,-1.5952497923951923,0.41293306514875705,0.25459860395462003
-1.0590222271819298,0.1846174409969041,0.44204590719910447,-0.0001958636403049168,-0.6969835963642845
-1.207897626254141,1.15733931538119,0.4608542745582996,0.5746972105824179,1.0040505418355612
-0.38912887212804165,0.09552624073617715,-0.23962504522918393,0.01715704724710438,0.005883642398283907
1.8913505990970356,-0.9292162288606391,0.9090566992352047,1.0193918855717665,-0.042175846904174544
1.451230015304926,-0.07534990709741841,0.07272384079370704,0.7197975121637247,-2.614439221474882
-0.017905343461690298,0.4974918303656702,1.1465813194571906,0.9805967827379732,0.42968845138723005
0.7610507871577712,-1.2220542682785098,1.6159531091280273,-1.3085161468708424,1.42603355348038
0.048079796058404095,-1.023579875577474,0.0742457996853624,0.23809327133523955,-1.8345117269819193
0.5155987178992366,-0.7806386967525804,-1.8084454880127376,-0.5243695767239448,-0.8215574112415629
1.1421208304636397,0.9734909869102489,1.9552869789060088,0.33018289677842677,-0.6836620911761683
-1.5544972794944636,0.31068181896247204,-0.36937655281018755,-0.6588024856508904,0.802867585691683
0.06149244480799553,1.6242262227625532,0.6393655979337454,0.7596165016424847,-0.00955132093234274
1.1144688798699167,1.0776214796202201,0.6531319257443824,0.21800488615349697,-1.2740794085505862
-1.1093320694191606,0.5133593046771976,-0.23728617009366887,0.4198034808758081,0.10418103717957802
-1.0484579622240455,0.5331443602529844,-0.6617730214416123,-0.3070643025088556,0.7057377797956508
0.35669243550568763,-0.19502462282673388,0.9095046272303695,0.3954683128189984,-0.1670658697585622
-2.3480906838071105,-1.665483269716113,-0.1999139101607392,-0.2823163568815896,0.9735459644840381
-0.7918147013590493,-0.5534361305884418,0.6893763913612089,0.5433302292842127,0.07934665484904672
0.7651129640723324,-2.4237720022177993,-1.5558047012065972,0.6596601950391913,1.5075759697378353
-0.45079057298593267,0.06546184419522956,1.5995922878318307,0.7911171245595836,-1.3995802279069594
-1.0713518708382155,-0.8152146171518655,-0.9663436585363953,0.6963060233458275,-0.5912108929927784
-0.26424489884030977,0.03919748306357151,-0.09975831532738903,-0.6789496863516324,-0.3230071556066122
1.0753907356359402,-0.5241304576140977,2.5282097876370484,-0.9029178010580137,-0.764378899314965
-0.43202965948616645,-0.7563070355726546,0.46285370731238573,0.7592671953298292,0.5889110996363572
-1.2684744380241542,0.8075783743784096,-1.526451875940831,-0.6844882111533787,-0.256051844719546
1.470188167507326,-0.6672613859928611,-1.0906653335218839,-1.0129575203620784,-0.3598091482064961
0.5314600752058777,-0.8632746984513241,2.538645334446674,-2.1930920928523494,1.0540328573088673
-1.7574055893829423,0.8927946062129816,0.3942304988261337,-1.4105238264189703,0.1932113933609957
0.8302472355885645,-0.2460871111492712,0.1656817881456114,0.06106840846833807,0.1023596134738868
1.2605720982481137,0.2780895911953716,0.09267143176275332,0.33073497855998324,0.45960296043690946
1.1960010841355626,2.403625829042724,1.760232543073202,-0.10918664711040746,-1.8294967831395959
-0.26650061912163936,-1.133226641418892,0.5190890692679855,-0.30218000354320884,0.22206098786897974
-0.4336462706119452,-2.6153371156581686,1.3369963371533125,-0.39895761805891466,-0.09150682547362615
-0.5610414011744282,-0.791791150068026,-0.2685609798941922,-0.836675612139915,-0.7921331347247698
-0.25068123856893304,-0.9523565241527453,0.45543090099192085,2.295879126296711,-1.1065170245094649
-0.5236628405105845,-1.7340153783882095,0.21734587434133637,2.6868816524034,-0.34477411334028857
1.113886785625244,0.889671640032264,-1.3789859593514175,0.326786399386825,-0.07854148515503485
-0.8491030551343931,0.5296955471724218,0.8058642448908353,0.9085914555391076,-1.874061901257906
-0.5154610340464948,0.7896525676661243,-1.6784992125562261,0.5307511651688855,-0.5022813394911819
2.0570030238031034,0.9700460223422527,-0.8754229470594227,0.7596767724851432,0.26491780277154314
1.2197756705708507,-0.7756354159289581,-0.13045960363495113,0.2820092797760081,0.6306629085919326
-1.618992987746952,-0.12423324094978484,0.8450012234461121,-1.498327338082255,0.131005850136572
-0.6727710944027058,-0.0033418527924316435,-0.7000007938906124,-0.39064134265249373,-0.43075577654851493
0.9843931152223688,0.4176770272146609,-0.19882729644197675,-0.02732018693061221,-0.07761658151055553
-1.794858334467155,0.6806051325870884,1.0953908777159693,-1.112601060082078,-1.612476323779811
-0.7663637965302541,-0.4431928281407371,-1.4998866147268117,0.7052772667088033,-0.41408442985672755
-0.963118911190125,1.7862086479805617,-1.9901543875984036,-0.8564786750058759,-0.8717487167199888
0.6195533669557536,-0.24083161477653814,0.7011688249487291,-0.9967200822369393,1.5304944797089532
0.5074453747547233,0.9808203618525428,-1.7678321329704971,0.01604699503720089,-1.0191846504655668
1.4847741050996426,-1.0567762683618596,1.712582095637281,-0.7989208563473522,-0.5616212762148276
0.2887485378340201,0.3159182411133169,0.7117889719618363,-0.5822583458635976,2.6044385267521624
-1.628839957619104,0.4499111854166756,1.2908625590901164,0.0235532902435002,-0.18561750624696421
0.5328411233286053,-1.0690082206147176,-1.266046222769929,0.500877450087759,2.185280803915476
0.5386142978118337,-0.2861525019817733,0.7696211981428109,0.3959650684978496,1.3015419202653193
0.6609766048369858,-1.8345958611623499,-0.47346060397515266,0.4139838390968032,1.8901154528282953
-0.2247846551779255,0.4736867954611973,-0.45396417857228344,0.8388004475082295,-0.4281043484392773
-0.5997969932768682,0.45964319305659807,-0.22780655775662736,-0.456173268039808,0.23696614649908537
0.45348916605427975,-0.7703652005109884,-1.0062639359652712,-1.7857510859416275,-1.1927931104133374
-1.271201429499388,-0.4786645393525283,0.3245831590629954,-0.3827628110693277,1.3324922244052364
0.09755606856535473,0.06092479280217139,0.15921736244590035,0.6056752792697195,1.3967195320218821
-0.20531491334067392,0.7657670223954824,0.14146560953944015,-0.4067434625761104,-1.6434062097954076
0.27929644843635637,0.6722178644827537,0.2981538464517838,0.5697516477604462,0.3549518950539138
-0.6853559474111529,0.21825768966349018,-0.5873584015473662,0.33244172677972417,0.8753666480784614
1.6387307072401476,0.8785754234222898,-1.525952281468281,-0.8434185935707544,-0.2884575287987146
-1.5070045452786758,0.3535079597514999,0.114037043061445,0.6945037663030925,0.8148239938988691
-0.8498087859659449,1.3146425734043092,1.6405346315166536,-0.5002196338593918,-1.2150239679585526
-0.3072392904471239,0.39475779165610764,-0.15118296946320825,-1.1725904921288195,-1.7804584691133871
0.9841825447099105,0.30137342905677345,-0.5409704244770498,-0.17062600123373525,0.5600067495731036
-0.11850528367124115,-0.26289941949103174,-1.0672324103581536,1.7911959724925297,1.2985402543327642
0.4886200514200551,1.3337660182591873,-0.23630330127387217,-0.6960850549781908,-1.0207799963919166
1.3300227083483147,0.23440469178158124,0.8856563916993866,-2.0399744288439314,0.8387579306625814
0.3441115121906375,1.7484623697140005,0.586298032302855,-0.37500850276774733,-1.52468888843397
-0.43731273202237814,0.04039922463962285,0.5153634968544869,0.7461555148814701,-0.24965151419369822
-0.5278846517287752,0.3023237146719712,-0.800517322508176,0.43833493272244045,0.7166411828505718
-0.7051105906015857,-0.7364137867469347,0.12576262049687476,-1.0944866966120321,-1.1068089758029602
0.24339329794285167,-0.8894612433563597,1.5653961405988794,2.7988813352931805,0.49480329719313315
-0.019341090443938898,0.3869838874392046,-1.1609749804251777,0.7712649566474978,0.11183148079955682
1.1559026662090564,0.8134683848372846,-1.306369155475909,0.6137976936280821,-0.9791204199202637
0.2966320011592525,-0.42408476850170407,0.32646749562818494,1.2827436960566965,0.6970929718166042
-0.8812817072192243,0.8952383232962371,-0.1586257107720977,-0.2608608010389101,0.42805394507959194
-0.8619376803052607,-0.14265074553770765,-1.1128385575484263,-2.3273780067516663,-0.6607820498530389
0.4268535296289146,-0.946012577688301,0.004285487037107739,0.6157539295901866,0.6139715291514394
0.7955886581333242,-0.11940792987939847,0.12565555352975782,-1.5174087246687409,1.1479340346835927
0.2665530226317876,0.31282720286561466,0.4336067452607439,1.7014722396583175,0.23255858520752098
-1.36380341131484,0.2871692369329339,-1.0502736071425054,0.21712079623229155,0.426161303741887
-1.944711348414578,-0.982709933402807,-1.7542449911440443,-1.7791489585128013,0.8816475741197198
-0.3884545087282936,-0.687919779135631,-1.214597958369048,1.0724474006376745,-1.7687169628382717
0.6615583013975714,-1.1031828818952638,1.1130543424211754,-0.8268347257408668,0.208702171189697
-0.9594807204935425,-0.7616876534670042,-0.10148241693921964,0.5192162615131123,1.6318295822929345
-0.4352261414159041,-0.4605403842952616,0.7123947510270003,0.9793362123452367,0.9484993920866274
-1.1239411160694255,-1.3976608121245844,0.602053912577439,0.8106523923197348,0.18301814727206078
2.094160642042946,-0.8695651082319557,-1.1258374558971846,0.9382323885068622,0.4023645117301246
0.35331684094194327,-0.90916618834947,0.7043198847556913,-0.7883258750319542,0.3433423521538555
0.3958403431413765,-0.0258288279191568,1.0984952335478027,0.3832062161957939,-0.5802966790918497
0.23224178650098914,0.7621937277993851,0.9703077760238717,0.5221331658515238,-2.157295041238148
-0.7379436143464524,-0.028629768484116937,-0.29506531533588537,0.054502922121598955,1.7991307972369295
-0.5559972406912318,-0.29106972712642365,1.4124514240287709,-0.5350521946274985,0.17696891351873753
1.067303432460168,0.5970674822966177,-0.02292098191215553,0.32277113658250783,-1.1270424205569989
-0.03219859763893185,0.38201176849494245,-0.16859704843696827,-1.0166094462259831,0.14381814604381982
-0.36811286129486803,-0.8851309304706519,-0.7157090142446351,-0.52769298486493,-2.3584674727214514
-0.5546979940697122,-3.1637950963273442,0.5939370657254518,0.3670051049420627,-1.4587984702442358
0.5677323512839849,-1.0498461018780385,0.17091581144891035,-0.33095264863279233,-0.7765423543090608
1.162874842381781,1.0673103463209779,0.08153303076973561,0.8113081540355064,0.0362394345152475
-0.07126643746774682,-2.502944827634948,1.0763313024233099,1.4274095654005499,-0.687688325059272
0.34947248574069345,0.6400590116126752,0.04252818282667882,1.9285296559945453,1.422042096189778
0.060520013005266174,0.057772119469732375,1.2726850039494735,-1.8443014065912877,-1.3291860353995486
0.11022358848893711,1.5749195611691302,0.6673310599338884,0.5355071736309847,-1.1838338335028953
0.02507947539817503,2.7519275781903647,-2.189780000700611,-1.650058717124447,-0.6668402649690344
-0.5565371847792626,-0.24934059283245769,0.2770955070156194,-0.5378110179752017,-1.782846056568766
-0.2977017561570859,-1.393523416455014,0.29433303242197306,-1.0515211918707839,2.059011822011317
0.3082285166259872,-0.8806914257126922,-1.745402383423359,-0.38056560402677714,-0.8313032511422754
-0.44874431317600855,1.2268590659032628,-0.383954383211406,-0.4030129581493962,0.1756624904279959
-0.8854066299218188,0.6652170585544918,1.479666650507055,-1.2776057542765973,0.35561106485378674
-1.0559963268305284,1.4381650690756493,-0.21874955958322048,-0.4306110364546955,1.2422622493455466
0.5053725090391489,-0.6925436681931667,-0.6816671596299015,1.1788192116728982,-0.4763050877539718
0.34692272821846204,-0.4667250056142299,-0.11586414153204588,-1.1509780018510787,2.0507096629546546
0.5565346484050518,-0.8293844947860814,0.5216025673366301,1.141888443954702,-1.9835288281351662
0.702931576941765,0.9231299137391914,0.8904395566876692,-1.1449727845727777,-0.5723859965790759
1.3032717437481762,-0.8581842735233065,1.1913611344848076,0.4236003369278316,1.1522813709336468
-0.22742624566524072,-1.0548189718576584,1.6855637866989908,1.2971079946933075,0.5704578629430163
1.3747724219393858,-0.07308466891076838,-0.28022244293456416,-0.32187990232929065,-0.2965887570146048
-1.7827719424411579,-1.6030850603580082,0.5246374803804587,0.8095529359176282,1.6237596382496564
-1.0942943126608213,1.1438103229925989,-1.3810535563415598,-1.5723523754302273,-0.5961484614881815
-1.2137403720715119,0.9180952966418059,2.1967711948566127,1.5977059416204034,0.36041025859075054
-0.1440978857940828,-0.20193380861124696,1.2698522755710548,0.38440037045669473,-0.42953367003791826
-0.7817035821539892,-0.41244256055521944,0.6808331584896526,-0.5401405018566727,-0.378790797546086
0.05800295213919768,-0.18764155457097298,-0.3891997144199132,-0.07485375499048301,-1.1115970441712635
0.2375819337103167,0.28185583495781424,0.5578157158264503,-0.2698182186808861,0.47947972189098714
-0.5353688663292026,0.17928806924849575,0.38156590455231076,0.7017074384168618,-0.16589438624832464
-1.3758959088301694,1.304985304157015,-1.6770996610945523,0.1661084474045941,1.2561679600636542
-1.002570483039983,0.06820399082038285,-0.16428383474332928,0.49861696084900786,-1.5276321354605922
0.47991599390234213,-2.4964212404911623,0.5836034678872544,-0.2671740548276948,0.8145316448577684
1.1535893955241325,-0.8279898959461494,0.6369441479586103,-0.16116006901459098,-0.191702049299181
-0.6535901268573828,0.7020545762730692,1.3796372223236166,-0.4846666617540803,1.245048488426955
-0.27331376779555666,0.5256082505588356,-2.0507276388509013,0.9787199857806603,0.5555059007298829
-0.7081813894092973,0.6720174838055407,-1.0909608347405453,0.21315519015094886,0.6617614950490146
-0.2653728234972824,-0.07009510849866393,0.48683767357502067,0.5803591339666406,-1.7485744270704278
1.028868528592466,0.004502378268663152,-0.734883292893873,-0.19153119545387512,0.4654877759476842
0.6656544498880662,0.24537198000029695,0.08673733324520516,-0.09968310968896076,-0.91817803087023
0.5522964174900844,-0.44311308999767585,0.7930658758951245,0.9883531956140293,0.3380242447971131
0.6852268810908939,1.9155476989853488,0.08421325687373996,-0.11186830212151834,0.49110703817474594
0.4557693731591873,1.552755199875585,0.38267139624600854,0.6878816415583133,-1.2399940140931167
-0.9054601553961849,0.3683804637514126,-0.8489202280653507,1.6326387228932797,1.1953675044799148
-0.8391570523369197,-1.3318911984975579,0.9640671354043762,0.29683231343391564,-0.5873977241984153
-0.8356277429873691,0.37824334107217,-0.2798536657302508,-1.2048243883659255,0.19212909476041568
0.07292608732706925,-0.2696173708394397,0.5218615643723757,1.9152903377273613,0.9000919767953486
-0.47565297497974957,0.8406636957874509,-0.15652276798349948,0.06790257779416825,0.2407791215806934
-2.427271688511349,-1.069985112687401,-0.4813640057763608,1.6306769754359287,-0.056789221299061075
0.7254457313564864,-0.33556955485545575,0.2602840146819411,0.2793891261381519,-1.1249526322049488
-0.4439611551561448,1.8040411452760576,0.9799247890628728,1.5959684213090934,-1.7467701494949621
-1.0001593932079542,0.054620651654858896,0.10786954609886498,-0.5240192110573297,-0.48379508767381796
-1.7752464297244666,0.6165514063588634,0.9200294898684814,-0.8457933533648755,-0.05080647173228737
0.813522637534824,-1.4885691012153457,-0.26312241849171947,-1.6731767372394724,-0.44439946315051854
-0.5695936484720329,-0.11976996898640202,0.6576523239671653,0.05116124249135322,-0.5576404988361842
0.9576724409819491,-1.2018926766192348,0.09424751370706377,-0.098286887487298,0.3239389471322666
2.454976865819589,0.02818111157215274,-0.5994657105684745,1.4566706093289035,0.8350614854032398
1.913426278852449,0.3632990009356137,-0.7225167692862267,1.7555341826829993,-1.1615274223898593
-1.9388978150484861,-0.5177268517201205,0.441386952003112,1.0008568337127661,0.34126725835156835
-1.2496407693050813,-0.2420546677317829,2.5394565610911175,0.21591413580205074,-1.0186240265356652
-0.08461347910744973,0.28739470781195003,-1.0299926458080542,-1.8059882865913324,-1.5380725202067325
0.8024957121565333,-0.567152108558117,0.20073777420515387,-2.18534454119789,-0.9132288252613514
-1.3345611241410178,1.678236609058294,1.6716480730103433,-0.2585763229719791,0.07283880897695524
-0.8041962221767363,-0.1446575080723352,-1.577624377767652,-0.13789466973355677,0.7215714903464194
-0.251970267007643,-0.6168211643908815,-2.133131765101103,0.6871246286007797,1.8257939884827568
-0.48308194651108644,-0.19677796862569477,1.7782579353730372,0.7297047074539876,2.205830258891163
-0.7886708199237367,-0.8670402745710304,0.7199258639706656,-0.8347124708017497,-0.5070285778602271
2.3653234775771392,-1.629187899815143,0.43427815326522173,0.5142481935020138,0.30847924371543833
-0.6245894741570819,-0.6175521638178774,-1.2063239098749743,-1.096821404581874,-0.19544615402272655
1.8628691879852042,0.07369932546828437,-1.1408019200838282,0.45743478604349436,-0.6531524684207825
-1.3520586123783527,0.5051615962351219,-0.6689410242959671,1.0262853470131474,0.2739380356498539
-1.2682904311615917,1.3369922454750731,1.2106075590905385,0.49404132939899714,-0.6581907920695266
0.1570802370397186,-0.6040582867340273,-0.7308523216706507,0.7069331248844863,-0.5887443214470963
-1.4817920240864109,0.46112236530548834,1.099440370372483,-0.39080939385953034,1.0976786625916763
0.32786482800816846,0.020082649160165937,0.907623359037532,0.2067342772301997,-1.1221477023685673
0.11609012366615015,0.5615480922489391,1.8260846728128477,-1.049964234104091,0.30271153065353035
-0.048626678329898775,-0.32285485798385377,-0.41267770365336065,0.6403417379680723,0.21074309196471175
-0.846448940507958,1.1942835889277426,-1.1514236473998827,1.1882005064456629,0.07988751495985462
-0.3397544072943864,-0.6229043105632311,1.1992283480800747,0.4688865952015534,0.4143284486885748
-0.4454557114964546,-1.4016533997081932,0.16302396864782642,0.7826595278391363,1.3150296995902746
0.9768246882663857,-0.7796959616276751,0.5263885394526753,-0.037630839306165044,-0.8240741178611163
-0.15992462444301603,-1.3409412584275466,0.35442315860928364,-0.012781556356036056,0.7082537936910902
-0.7491285959714616,0.5399242136097797,1.4464828766740232,-0.7083137406953143,1.244681013500652
-2.6915735332249295,1.9577296905040968,-1.1797409363601055,2.5747638505470407,-0.8037155017755836
0.06534875347600473,-2.972653014036085,0.2968286386312981,-0.21874055923295335,1.3516697064018772
-0.18355968221143887,-1.6837006973846047,-1.152701987299286,0.2171201521327284,1.3575247079411563
-0.07271887991614592,-0.4980637254923408,-0.26135358141368026,1.207788320763088,-1.7033972290592445
1.654717953565757,-0.3006110231338623,0.6333531482517437,-0.7081383670842978,0.18058679661704174
-0.4839498354074783,-1.4155353823174235,-0.18352628290895248,0.545881459093399,0.7312275135641331
-0.7582900832931124,-0.5152467130475039,-0.045627485056543,0.9734216817261608,0.10251029789183243
-0.2248986317656049,-0.01953452557890397,-0.68161347579171,1.9942732114636341,0.3215980918222717
0.48971113214000767,-0.4363821954382146,-0.9891312497396588,-1.0326324731577976,-2.5996885303438613
-0.43619930787109407,-2.3797601723784063,1.226873114974726,1.6671850945934914,1.3409853971007522
0.3050689716406556,-0.16570930669216805,-0.21027260821877977,0.5161061905586402,-0.6635502705390937
-2.5153130584152996,0.4388889512015031,-0.9780797213539157,0.9814519490943009,-0.33442475989579235
0.694923111385312,0.039197499270745235,-0.6611649994559349,-0.029555907999987484,-0.24503112751189826
-0.946348361311073,0.4011831451911162,0.3746193673280485,0.6333493651304172,-0.5230421875418558
1.525904414708634,1.7978406512478946,-0.7600833176247993,0.31902457838087817,0.5253441418013557
-0.2040755996202818,-1.1244980489311758,0.3829680802561054,-0.2399340307188819,1.3534981032658555
0.302077750514869,0.16878797985206928,-0.5591285666897251,-0.06404758009552974,-0.21975222885200973
0.10688042707807019,-0.4137766880812864,-0.7952115348045675,1.7039661485020865,0.6450942228522212
1.287870211244056,0.7558739972064619,2.139002669272149,0.3965970954507257,0.3982360052073297
-0.8302890501573444,0.630276887085923,0.6747661442266814,0.12577577397704717,-0.3427120019437909
-0.8697447117111483,1.5106558178155214,0.3268045833849731,0.10562333934441785,-0.051709415590143644
0.20632359333665629,0.808654829910484,-1.3562322697123328,1.4800084208548077,1.583698296980868
1.68477571036642,-2.02704154473354,-0.5786292552106129,0.5725688265364474,0.8740852058095216
-0.1492608858911412,1.4745054365610029,-0.021435201069863255,0.34695112109106424,-0.8146725497504923
0.018180275186065874,-1.3804523645122784,-0.9556549758629435,-0.34321403510413667,-0.734463858088673
1.3865838762948992,1.4243021206281548,-1.1791236174384123,0.6730187610287276,-0.48704686138327163
1.8581191551476985,-2.0594041047788254,-1.3151884813027708,-1.9475250199296077,0.6740543094350884
-1.0164844386139016,0.489289141121462,0.08209768516341012,0.3098127959948745,-0.3919204670000045
1.013274634294652,-0.9705008092804754,0.9684619844193013,-0.30440194192177106,-0.8892382322261254
0.8887954643800896,-1.1772839735111584,-1.2173485427328685,-1.9330453712636548,0.18611385913638115
0.9835185538187553,0.1567743478384721,0.05489546041687428,-1.3100326505908984,-1.8033604176904914
0.8414360279690871,-1.6501821111176709,-0.4184817030065093,-0.46287067301772716,1.5365457275623333
-1.1898194618801314,-1.5752537225335754,1.8062715357946821,0.8995523953060895,-0.4899324355395411
-0.8770615147091526,1.1252776273941043,0.6152150589117915,1.5975974443626133,-0.046347409262112595
-1.200865506506434,0.993816796303279,-0.6201226306085337,-0.51377061861775,1.6175371608830749
-1.3970496464865856,2.0191773722087514,0.5802927644783115,-2.2180679795474294,0.7712998563249936
-0.786022628219071,-0.15456278857827957,0.6358330186797649,-0.4043116964327379,1.0900524727099359
-0.5549784683827241,-1.4300873781094192,0.6117753762136444,-0.23492697588867423,-0.7222882522601091
-0.8191884675380902,1.3224264235090955,0.5355369697594999,-0.4843838351110228,-0.4256960006640207
-1.4986705356522574,0.6830652567293564,-0.5183782052126477,1.2409796696585096,-0.9320238776393489
0.3097594721335729,-1.1342202263968995,0.0015384324765823803,0.3174391536807771,0.4332194459652265
-0.19205211781327078,0.3253544433380856,0.5785671528317576,-0.3133264548765681,1.0518175898118776
-0.25276970248400177,1.8020459550468935,0.6259451409694906,0.4489464644840581,-0.173754783240442
0.661084667120579,-0.7949697543871558,-1.1153248348775342,-0.9626249475043954,0.9665288063530882
-0.4555835651499222,0.2986666011242409,-1.9683535321362318,1.634521859841891,1.2742217133844935
0.794313906650575,1.243241748301124,0.7486720074970041,-0.23174070923799797,-1.305265225083829
-1.5835409733565757,0.6904538529332841,0.6517553298933244,1.7284310978171216,-2.182343718303286
0.5945355918717327,0.24426956473385866,-0.4143172805616544,-0.22627528350905704,0.08319262410742473
-1.9495894905433206,-0.7177157873212888,-0.36004555394598964,-1.605637616518123,-0.9566241588429581
0.2917352117760168,0.47047280917846956,1.1737548572100287,0.10579722103021685,1.005243405039322
0.19308065603801844,0.9804268765187824,1.3360315693734877,-2.1317143999718677,-0.3604813543014434
-0.7464866513057851,0.5503812699308936,0.4757748822883633,-0.36860538362547257,1.2310975361378111
0.9740589263063372,-0.784032157985144,1.8537615859443248,0.7560454928557377,0.5598453239741494
0.2834926460095004,1.0973849532078477,2.0524490913177638,-1.4004433650146657,2.0658187744405074
-0.3322466361334316,0.45468713131779703,1.0047370267523792,1.3904943234063627,-0.26009559402998067
-0.6138155662131305,-1.2143737484932249,-1.0919035369713859,0.3438078463688656,0.9720649229490249
-0.781796069994287,-0.7269399300736977,-1.6864491400865944,0.5609951428547187,-0.7045990582394113
-0.31861972188302573,-1.224176886799872,0.7619074629549312,-0.25517893245731466,0.8472023754982854
-0.4198538453822728,-2.3745571469454485,-1.2015332072335563,0.09557366154632183,0.5379710665883902
-0.31564692055795945,-1.5819275935462462,0.3686672506358725,1.2167019667781376,-0.6259611872270104
1.4418220895076577,1.0196837475655665,-0.9022391681476868,1.6802558942112298,-0.041934068276260186
-0.8895542258814418,2.1438322220599266,-1.164215487571381,1.2693826100306551,0.4554420262185771
0.41660051603734377,-0.652011212896189,-1.3120473118350582,-0.3330228421541208,0.17657485833767605
1.6030152576484302,-0.15376776237668255,1.0417176656889358,0.16874269732623096,-0.4755880084333857
1.3529395394705637,-1.333127376734476,0.5361531442610348,0.34967182177773,-0.4931903565559874
0.09058394897053962,-0.10484053533576254,-0.39435591281187693,-0.6143682272072731,-0.4461546518863782
0.16896485259435978,-0.06197157592539509,-1.4686566925374311,0.10928580984613769,-0.17105521541796098
-0.8426503783729318,-0.22191677975758736,0.8956938208283992,-0.9157445963402482,1.1124970689504117
-0.3943187286673647,0.8323832481365818,-1.622277041280379,-0.9948367201277907,1.4014445174936356
0.6132495868447213,-0.46485935489760993,-1.272451439829321,0.31057615125342297,-0.4828258613114419
0.9593796282964073,0.19535007388686287,0.8584022334260022,-0.92363375049489,0.8181501367970792
0.31409362023536597,-0.9647287190316693,-2.023386927209007,-1.3105277941315006,-0.36723075143872674
-0.06533039718478278,-0.3411764919438183,-0.4003305276768457,-1.3499501483404828,1.484928577995043
0.33552253507822255,0.8077512043689425,-0.6193749393248403,0.2301772690665636,-0.942022001502686
0.1278894168980395,-1.473558539986661,0.13495198189881624,1.8745618165309277,0.03882056149847477
-0.552140695602556,-1.3532575285308206,0.034544004605612376,-0.3573675490929105,0.48762988434618776
0.45590241565474676,1.3681110056488872,-0.6495395150279485,-0.9953023297079783,0.8249750612993749
0.48108831786733464,0.3913702216371194,0.08386664122757342,-1.6411156178965125,1.6716683913412906
1.6291908275665117,0.902743312314171,-1.1423831115972198,-0.3027075870947841,-0.5674994860642327
0.13197986047808322,1.1399997762359233,-0.41311767508890185,-0.6585844790012655,1.626407251864389
1.062665895218617,1.09592499518212,1.2525031375925904,0.018008402858130275,0.8926573441002317
-0.8037670691957219,-0.48411640464017325,-0.2181735874136972,-0.9103341232257622,-0.887580300502752
0.19278133089428065,0.22959345254226132,0.06895709234954345,0.1129199627375989,-1.1676396049434898
1.1658669227805354,-0.757399773210029,0.13879701152363122,1.0170904718196954,-1.2215637689861207
-1.525912068148324,1.483337036101229,0.4343429504997537,2.2276083389464927,-0.11888170577742616
-0.31031537768317247,-0.1419767489420694,0.15027024506222986,-0.6701719773416289,-0.9281294612524267
-0.49542512473798334,-1.506114929353446,-0.41082092743417464,-1.2616743954424057,-1.690018413131267
-0.07816305128315242,-1.2164219805779188,-0.2835382849698051,0.3672557749760633,1.5327790759654285
-0.4162572979267128,0.9436915439558774,-0.7555233884485145,1.1127836913537559,-0.6408872630736089
0.5159038105115507,-0.519878320700054,1.1104893468379022,0.5422428664256059,0.4111599852056142
0.6639023774289091,0.957943990997235,-0.07609802584891155,-0.1776343721374613,0.898185833805667
0.810142738882115,1.0819482303926002,0.24701948956507397,1.4030333142067368,-0.5482593726897409
1.1104953823360169,0.04526709055233969,1.5504982643649734,-0.5125604927437541,-0.907542490865862
1.0613551129746175,0.6218398456961854,-1.2769160620577138,0.2502815323327272,-1.4560632436515928
-1.0801780985569582,-0.6819279726963275,0.6034699147868174,1.306358248191103,-1.2246230232093878
0.8842771491159822,0.47682486967155,-1.9900094474241001,0.5617244559051193,1.6791683467090817
0.1788602008809018,-0.18701770594330877,0.9811489941803503,-0.611325469048933,-0.06320849112330001
0.053000208832399046,0.2139468114460678,-0.4370029747294467,1.2751275052266442,-0.1809933803424447
-1.25407734299102,0.1705807753498632,-0.5096401017565618,-0.04772375633004733,0.7693740120848327
-0.13688283312255972,0.24554035719418826,-1.5283252439174773,1.2710460002188213,0.9863274167922902
-0.047280557460355775,-2.1511307421909756,-0.9202375193792637,-2.3778496918365577,1.2026545734859795
-0.48000030827865264,-0.6879032519767497,2.111732810492688,-0.868282290473471,-0.18652827762523044
1.5817994133373348,-0.6623807809302222,-0.7734829335931576,0.6091111087270145,-0.5110504281206387
-0.19424201877073793,1.0503830141909691,0.614966098194063,0.07062934111763884,-0.15824315047320242
-2.228769655194026,0.316982663509082,0.15978440753759127,0.1559609699500224,-1.1674564086120554
0.11170519038555266,-1.3667365462480514,0.03752126598219514,-0.3222380896891632,-1.231988068238742
-1.238244896439114,0.021268676625351757,-0.5540271243929314,-0.2640881769242104,-0.9089458138112054
0.7570053661484758,-1.6876699008930716,0.7824014497418389,0.32740196149455825,0.012432110982417676
0.7363217831227173,0.4490746145256982,1.207029630511772,-0.029294772787702816,-0.03016805135447901
0.1756706146693976,0.2663973020784953,0.82103234402266,-1.28124349764553,0.05712606894901016
-0.11067296084397728,1.2010980049824977,1.3972441708799812,-0.9995679201981977,0.3314222037229977
0.4582420854157462,1.4139336194953547,-0.25351946126783603,0.2735781723478059,1.216617019066119
-0.7048219757675687,-0.5862308528026976,1.0925103913775196,-0.40407783411510323,-0.5906750601743336
2.314698247365974,0.9933724205394352,0.51793080421926,-0.38171234036615165,1.2265979335337969
0.42160118007274056,-0.032948575819100566,-1.1545092040273937,-1.63319633540321,-2.093258051811226
0.3931289443895444,-1.275663100304098,-0.3536387376834928,0.6453393273226975,0.5941882131966878
-0.4201602696048891,-0.8896644157783977,0.9357326457444932,-0.34298097390068216,-0.7721041920079206
-0.4843973045486427,-0.21655601615053394,1.1992082430209028,0.3870635396855819,-1.3729779750936244
-1.2382162103571157,2.457931790746398,0.8220394543978229,-2.2010594740990452,0.02396151594652853
-0.6255262451890318,3.138728438616383,-0.5425600559109489,-0.4248759194566618,1.6266628533727472
-1.58266648390362,-1.2845138099456983,-0.2625041244084814,1.9115110490796874,0.06430754177332
-1.9232820133882136,-0.5992299060061307,-1.1914715893804417,1.2910459884430079,0.2861834412475024
1.522779212148499,-0.2642602932437146,-1.4658504992411447,-1.2343293200350833,1.3907911648154063
0.54724726205488,-0.11540289527998748,-0.14179516378526336,-0.2939037893422738,-1.275486343200314
-0.2650627402686034,-0.7690724818643114,-2.0635360658342536,1.1815304930830508,0.033799477168689224
-1.1194014018972822,-0.15392636717835945,-1.2590515994210538,-0.7842164352968805,0.5856985562031038
-0.9895741031221073,1.2937080034303883,-0.01748049222138479,0.881873589258503,-0.8456778778851819
-0.3773312712856546,0.6166282705835383,0.1982321254831693,1.2788617338562713,-0.3049871939518408
0.8603989136463557,-0.36071788123076154,0.22647474064273881,0.8976578263759265,-1.3847686963075496
1.4251794522710861,-0.6093033991447623,-0.32230178286651545,0.037731370137403956,-1.0935284872920754
-1.4341071646625165,-1.2652221871396712,-0.951955374939693,0.47903822974426163,0.03570070693984779
-0.09966350926822047,-0.14015532419047277,2.095130506361017,1.1471035701091707,-1.346295594660961
1.429904102669313,-0.6439211309455168,-0.9188314691090324,0.2356018526169826,1.0241152048789914
-0.7259003806401013,0.2367683463071463,1.7161842858107648,-0.4869694099751308,-2.204523095647731
0.7199514029936623,0.7450988960743534,-0.2925955567192998,1.982383041593085,0.22692581656880725
-1.4144864929248886,0.5664775603412424,-1.58119381337333,0.4828440866809922,-0.6052613559310366
-1.0796824848506237,-1.1950462949523006,-0.7791227248189644,-0.5278297905417779,2.7529082616307217
0.7689967065915891,-0.788898167611772,0.8515355323293963,1.3459292822534275,0.7892033558735674
-0.5380708136515356,-0.36627871090840286,0.4451654509114324,-0.055876339099652235,0.42319559194687245
0.12947439086816656,1.3971020996748809,-1.6878643236937156,-0.784758673830677,-1.2394304461157848
-0.789204849965352,1.1507658817309332,1.7472203405160507,0.1517174641041925,-0.3257350595691906
-1.2878617828360612,1.840413463046407,0.426217642373424,-1.8138411946601036,0.9889025873785094
-0.6020603654413806,0.7907034270932941,-0.08554436514849607,-0.48832259137457856,1.6783452201354203
-0.3370399381055755,-0.002402502641114137,0.9444016975609821,1.6474409004510013,0.3030370466782355
-0.536811270221697,-0.40089419463708087,-1.290734428412597,1.102083128307851,-1.5911511478446927
-0.7349110464156214,0.16469100402281983,-2.2963611115361573,0.10381974356095024,0.29724691136978587
-0.8860467971622485,0.4212620345468533,0.695036961046615,0.816460167423297,-0.3894677752143293
-1.539685310096937,1.0565395822338892,0.7713657394120538,-0.9787954057960917,0.832707374158924
0.25201686456303796,-0.2114503863935231,-0.9075486777908716,0.20655426414665912,1.0401002121453051
-0.23375745127431186,1.1624914662994703,0.9031191620866443,-0.9728614745672564,-1.140477614613859
0.20868977751804368,-0.22901206203280566,1.8026361252676382,1.924582531821007,0.04971692064247226
0.023997383975029082,0.2515914158084713,-0.07918868519965513,-0.7725056368151405,-0.531627164947434
0.4646526661373027,-0.19267988075969286,-1.4040617676441283,-0.7512534222714286,-0.1459823374000152
-0.6993256549452672,-0.3654444312229624,0.17195589425333477,-0.4965220646882603,0.5983570900282076
1.3129617123569066,1.2653091987045095,0.9358555619710422,-0.059365059800418,1.1819152001015145
-2.100265009945796,-2.0095228073120825,-0.4029733039772535,1.246491988325977,-0.27137105149925594
0.573091192112252,-0.09402854422435503,1.1468642313331259,1.0241095759992147,0.013216739417060879
-2.8667190462855014,-1.8825430198466795,-0.1647264532099325,0.5584808703048342,-0.1081461577134657
-1.0271778177613131,0.6874854041694952,-0.5257861940703537,2.06949340338323,-1.1410598481194303
0.4911381459123222,1.10690305727819,-0.01730295945283495,0.5198331579283008,0.9673209345025557
-0.09437488131783514,-1.4372480246676005,-0.2846620651791291,0.5775027599421233,0.3870043693975239
0.01543262013806187,-0.14902619107108497,2.201859545014678,-1.5295465915779674,-0.6130777229245087
0.2662238648419332,-1.615884505076522,-0.49983147492843083,-0.8131735245928067,0.9111341468440527
0.9988577584257111,0.2268878249260514,0.6495220854385948,-0.20677715980935077,-0.269735631976113
0.4763377736447953,-0.24248838859333086,1.006768390772372,-0.07483782626861116,-1.6722535262104314
0.7211687317740384,0.2541123226689849,-1.0317110983412952,0.22364079306627604,1.4276077834648286
-1.1729938259759558,1.0509872385830374,0.4784310142629196,-0.8671955997546198,0.39755873438519934
-0.8763794514806269,-1.1341731208768084,1.4436270852324087,0.605232885702362,1.5771052040572362
-0.0005375747293203027,0.051302888584973234,-0.5394079952556766,1.4839612843311227,0.05664482711168315
0.19487644877325877,1.924811545836241,0.29622219934719535,-0.8116344459074881,-0.9540259449355398
1.054837502017017,1.3292786312043319,1.4236119427847105,-0.921451472677277,0.8948427592962168
-0.7282050183647372,-1.1594099143054775,2.132785882281035,0.21545170127333066,-0.6347960441966477
1.0242852689942095,-0.26564749724947323,0.5023605311073032,-0.842403531817707,-0.03355665666986059
-0.8554585981121557,0.7311142550202466,-1.0528215918039843,-0.930808361904864,-1.361437682313873
-1.4926569699698917,-0.7842392123055336,-1.1387655268751382,-0.42369587776749756,0.43464919886168313
0.29828158529369336,-1.7643521071029578,0.4765561583568122,1.4539677412171226,0.792822775604639
0.8423635604451029,0.40121778713301315,0.9628371735636522,1.4989750497336858,0.21144324161114203
-0.025771435670525488,-0.2591107553747704,0.4548175188729599,0.16458758659349657,-0.5968559342915402
-0.12065237089885307,-0.7972865729103957,1.0125826752132276,0.11314565647342491,-0.7395236688578545
1.4961183851332565,0.9594177722257216,-0.3301115421313414,1.3882141241488677,1.2960457014003484
-0.07349585796798493,-0.17692255808442642,-1.8292325163795022,-1.6228452001606781,-0.46216421391318036
1.5345599900884175,1.6560553554809159,-0.5992204694142688,-0.45264182131090186,-0.2581989542272355
0.3725245128963717,0.6783916515222042,1.0316507820058605,0.6289372165115085,-1.8165262156613482
-0.9585113858465749,-0.21283112630955323,0.4372137792716844,0.3073641262893134,0.6712287588418343
-0.26529881687434775,-0.5431937798102889,-0.2965767763191796,1.1397899942076741,0.4414386674559135
-0.2722952579516224,-0.7053672869265459,0.11061058329977264,-2.913737390314651,-0.5754891417553589
-1.2155132697668345,-0.8042554367120255,-0.7377709623003638,0.03734488044914852,-0.4045513799939963
-0.3568710712869158,-1.9953999198712808,-1.105409647761783,-0.7060563785911668,-0.5564904249097239
0.9186657907677133,0.009686223089677485,2.0321233454240875,0.13746100785498805,0.026354794512487092
-0.8926582911364492,1.4188266615410157,0.1560696951562497,0.4549316637396847,0.13978757898073904
1.2628127639742008,-0.6054089232479356,-0.6090782576747511,-0.7857867870772574,1.370575183155625
-0.4481089842482767,0.17277699394316007,0.9128987944748713,0.6504132078448998,-1.0594628344969295
2.0610764286645638,2.0039829909704503,-0.1835496887774348,-0.6217686558023081,-0.52116732671542
-2.080238256314837,1.4622334760608473,0.8968917918653789,1.9016163229960292,0.004045083144437366
0.2789012070622038,-0.7291541086881124,0.22986587577351364,2.116296526277139,0.7942976848529419
0.4299077470019226,0.13347716108478913,0.9018163359931911,-0.6426845354788203,1.9501285927745722
-0.3417811270651227,1.3424226922299916,1.1884315857497223,-1.675909202536126,0.9758117289394087
-1.0528175589870454,0.4276194692160214,0.37946654802027424,0.43488935513581767,-1.1308250945092495
-0.8078690884322238,0.88729625267167,0.717302515459061,0.20479423238736225,-0.570640837652965
0.45134149224118686,-0.5461675983677535,-0.5405298243835772,0.022999471679186763,-1.1934738226644035
0.7393116462022454,1.4130405562324098,-0.028812036555400773,-0.9652893863749038,-0.7653343242886853
-1.0771913163897109,1.4780738194025569,-0.967460568944941,-2.1893662032874097,1.1620603907912623
-0.5287723691199825,-0.9355072680621398,0.43556148989899995,0.3132788543862918,1.2563841498213109
1.5643854899669816,-0.37788893598118917,1.1653428095762062,-0.40777835917824234,-0.4074901253585297
1.097936984182081,-1.186929973559918,-0.8310571581973984,-0.37825540838380395,1.162060983404221
0.6443022980849267,1.7914713646870903,-0.336568478930445,0.7599046770807996,0.5067207937056561
-0.5958261294293467,0.08111375198372678,1.744348645828689,-0.28335226049471846,-0.6927902540598209
0.42169012894572677,2.6623838290606763,1.3933920580531707,-0.6080882616628542,1.8582616297589276
0.8744173869306687,-1.3594128628206865,-0.6358059939292288,-1.0031563506066077,-1.0060434155948783
-2.311638896473932,1.1641394418953186,1.4574180258674299,1.62926783508081,1.9864215519092097
0.31579512083876954,2.543272666778277,0.8627341082289031,0.8001486833583332,0.47140872532524464
-0.3150400513991273,-0.7458265194964472,-1.25413376067576,-0.5153824111166306,-0.14011269784942235
0.014015269836241122,-0.7004465973558295,-0.07461017583277761,0.06282557487601491,-0.3852855666524747
-0.5893433781697335,-0.3753105079034704,-0.029497861493508384,-0.18627867735302084,-0.4676725089716343
1.256438021997699,1.02616416082695,0.32411811204895835,-0.7244594873408741,-1.4617064601709087
1.488912960546894,0.9782288607572642,0.8745593217242806,0.6819685430563746,-0.8778309011150378
0.26266684331480583,-1.424557291495783,-0.2912122646877596,0.48832993999787966,0.07358504740164785
-0.10763025197241813,1.0695972010031694,0.1982261427178576,-1.165413819042966,1.1617294791113029
0.4132119445894677,-0.8002695716035353,-0.6840031452656129,0.4089948302581697,1.418058267418727
-1.3299653894951993,1.095466871314548,0.13051685755686648,0.1399757317961262,0.5485427207755731
0.1745659992846136,-0.31533667659877324,2.4456282874008033,0.2530759587421071,0.23418709559294654
2.271462967570699,-0.6682500792778848,0.03908924218720963,1.4425805024192366,-1.137202180343322
-1.282306339785062,0.38291986988512344,-0.7217188292599922,0.5901744221439623,0.7483272474427739
-0.7225702912676187,0.9028057887557872,-0.18635232045016284,0.4353593231871155,-0.3457130618982775
-0.5205838377983305,-1.0329591824502957,1.5057956819164302,0.14997933564836963,-0.44730175396925664
-0.23308484435503,0.08725205109882839,0.8754547581254758,1.9249689133011307,2.0005677827333255
-0.9658397303118983,0.5481842708848474,1.3653528644355282,-0.8182858885559436,1.2955130125082917
-0.5765374404045887,0.2757540889650318,-0.11842648616762463,1.2655066698952928,-0.6527326870680135
0.17338862922475293,-0.6399564393294718,-1.2913884110037739,1.590367375824597,-0.4998336678712804
-1.0504916128075468,-0.08728145841834353,0.7609960390547406,1.3208504641258143,0.2499200434505551
-0.2919013090588953,0.4416676551797253,-0.20432454780677894,1.1370329381401623,-0.09660220611441096
-0.9366414717383528,1.3781135568473168,-0.029714130652148164,0.7675087945260484,0.9239268501651223
-1.0325256507226126,2.1026976480229744,0.7840942498389042,-0.5408571737648117,-0.9977704684201693
-0.14985515957260026,-1.0607749343072168,1.6256625647440208,0.3584360286250823,0.16460454209857983
0.7546844382490742,-2.9162172548781453,-0.14398171701600135,-0.3635412239452389,1.5221460358901382
-0.5382798916627297,1.9226750825143555,-2.3367955501816753,-0.7076789336609448,-1.368510040028593
-1.454797625636226,0.5115484175215247,0.1372805441559551,1.0316744389212609,-0.5723493514402606
1.0623635374930112,-0.293731250735347,-0.13874723228451252,1.503584845573481,0.765172736081721
-0.21421931488426513,0.3530271394378879,-0.8665263634190008,-1.2405414524916436,-1.0201366130794445
-1.2030913663097698,0.8341147100985231,-0.8057637436616693,-2.1485592277134504,1.5748524790127352
-0.5779258747660437,-0.17124744760902963,0.05422566207356202,-1.5717530639920752,1.8214620386461733
0.07891804229656464,1.3420798243884497,0.9398587729090933,0.34871572973873394,-1.170303929405373
0.9121221588096873,-0.2006506627913606,-0.34145008899444074,-0.811175796391876,0.34531593560703056
-0.8962012691312538,-0.3122443596512338,-0.7284994877923568,0.5752459089129307,0.09196219017587108
-0.8654265544738671,-1.1435503311803086,-1.7836482542772167,-0.16367366325719312,1.7197466227411644
0.9534106316107709,-1.3239373455079249,-0.5518473226439584,3.080082215593489,-0.1810242609079161
-0.7434911962542243,-1.3853210288726936,-0.16879787607171612,-0.6631138328517925,-0.051166124483367194
-0.0031203831618500195,-0.08929328180625558,0.8554772200209017,2.266937743591563,0.32045531593192517
0.07513962301445969,0.5993652026063891,-0.15496651476436807,-0.4903446489326969,1.390197297711859
0.4723053093773259,0.9098176672651075,-0.487547849468603,0.6286816561118163,0.38313649783225284
1.5365701324255083,1.5231098751805676,-1.945252042573936,-0.3962320228242932,-0.1281342890156765
1.1531508308815623,0.24415285419742147,0.09200288045038323,-1.191244841222595,1.0756567393231995
0.0031822721834211093,-1.1075749714219414,0.19070854746211013,-0.7654865429675127,-0.593831594689426
-0.5640285380607373,-0.23941190457225384,-0.5554761634614728,-1.3850597524631751,-0.6132146182604264
0.28537347347524034,0.5110126317518827,-0.05861870897463572,0.1867397378586892,1.4915032010804221
0.43999320094665734,-0.2024959858508371,-0.468108320990681,0.7178203929799855,-0.6722403731251337
-1.3483331728683488,0.3195460818521959,0.48565825786779354,0.07276420091517292,-0.8130928336843939
2.182781158955217,-0.1486429647408719,-0.6353709212471752,-0.46568808851247606,-1.621251657243368
